from,to,flow,cost
1,1738,1.0,7.0
2,1,1.0,12.0
2,3637,3.0,59.0
5,3782,1.0,7.0
7,312,1.0,15.0
7,3803,1.0,67.0
16,1177,1.0,80.0
16,4490,1.0,15.0
17,1149,1.0,14.0
17,1666,1.0,31.0
19,3784,2.0,1.0
20,19,1.0,9.0
20,3803,1.0,26.0
21,2110,1.0,23.0
22,2653,1.0,171.0
23,2184,1.0,8.0
25,2298,1.0,15.0
31,4388,1.0,177.0
33,4423,1.0,45.0
34,33,1.0,10.0
34,36,1.0,58.0
34,361,1.0,46.0
34,404,1.0,8.0
34,884,1.0,56.0
34,1991,1.0,48.0
34,2083,1.0,33.0
34,2567,1.0,115.0
34,3939,1.0,33.0
36,4486,2.0,7.0
37,1991,1.0,120.0
37,3856,1.0,16.0
39,40,2.0,24.0
40,1632,1.0,7.0
40,2165,1.0,14.0
41,2164,1.0,36.0
42,414,1.0,136.0
42,428,1.0,18.0
52,2294,3.0,195.0
55,335,1.0,161.0
56,57,1.0,31.0
57,279,1.0,82.0
57,565,1.0,126.0
57,926,1.0,99.0
57,1106,1.0,50.0
57,1130,1.0,61.0
57,1482,1.0,129.0
57,1485,1.0,134.0
57,1699,1.0,90.0
57,1718,3.0,27.0
57,2027,1.0,41.0
57,2029,1.0,42.0
57,2139,1.0,68.0
57,2368,1.0,62.0
57,3136,1.0,56.0
57,3187,1.0,26.0
57,4065,1.0,83.0
57,4448,1.0,73.0
61,3377,2.0,16.0
61,3431,1.0,60.0
63,420,2.0,48.0
66,1291,1.0,19.0
66,3431,1.0,39.0
66,4341,1.0,14.0
66,4461,2.0,8.0
68,2843,1.0,33.0
71,1087,1.0,31.0
75,614,1.0,53.0
75,931,1.0,49.0
75,1361,1.0,41.0
79,1821,1.0,25.0
79,2996,1.0,93.0
79,4200,2.0,17.0
82,1037,1.0,6.0
82,4057,3.0,13.0
88,158,3.0,6.0
90,1680,1.0,56.0
90,3265,2.0,46.0
91,1680,1.0,45.0
91,3436,1.0,12.0
98,282,1.0,57.0
99,1829,3.0,4.0
100,769,1.0,40.0
103,3291,1.0,90.0
106,2955,1.0,56.0
108,133,1.0,8.0
108,139,1.0,29.0
114,1508,1.0,43.0
117,280,1.0,7.0
120,4551,1.0,34.0
124,3588,1.0,39.0
125,1161,2.0,24.0
129,4551,1.0,13.0
133,108,1.0,8.0
135,1626,2.0,76.0
139,1322,1.0,15.0
144,420,1.0,41.0
144,3251,1.0,101.0
150,4003,1.0,53.0
157,1294,1.0,50.0
157,4425,1.0,21.0
158,1871,1.0,47.0
158,2774,2.0,49.0
158,3110,1.0,27.0
166,291,2.0,26.0
167,291,3.0,41.0
170,479,1.0,15.0
171,172,1.0,7.0
172,173,2.0,7.0
173,172,1.0,7.0
173,483,2.0,14.0
174,173,1.0,10.0
174,179,1.0,49.0
179,2837,1.0,34.0
179,3211,1.0,63.0
179,3883,1.0,214.0
180,184,1.0,26.0
184,486,1.0,76.0
186,321,1.0,27.0
186,503,1.0,47.0
186,3216,1.0,32.0
195,57,1.0,54.0
199,3952,1.0,120.0
200,204,1.0,33.0
201,3818,1.0,73.0
204,206,1.0,13.0
206,2815,1.0,60.0
208,1147,1.0,7.0
208,1624,1.0,61.0
208,1724,1.0,22.0
208,2037,1.0,60.0
211,3962,1.0,38.0
215,330,1.0,24.0
215,331,1.0,17.0
215,576,1.0,13.0
215,687,2.0,47.0
215,869,1.0,34.0
215,2772,8.0,49.0
215,4283,1.0,44.0
216,215,1.0,27.0
216,335,1.0,52.0
216,689,6.0,6.0
216,690,1.0,13.0
217,577,1.0,37.0
217,1364,1.0,118.0
217,1882,1.0,20.0
217,1945,1.0,34.0
217,1947,1.0,6.0
217,2428,1.0,76.0
218,1228,1.0,13.0
219,3163,1.0,134.0
220,2354,2.0,6.0
221,3265,1.0,117.0
221,3274,1.0,6.0
223,554,1.0,28.0
223,926,1.0,92.0
223,2351,1.0,48.0
223,2394,1.0,95.0
223,2996,1.0,97.0
223,3271,1.0,92.0
223,3306,1.0,40.0
223,4209,1.0,90.0
224,692,2.0,7.0
224,700,1.0,71.0
225,1735,5.0,7.0
226,2430,1.0,31.0
227,1736,3.0,7.0
229,582,1.0,39.0
231,1730,1.0,105.0
241,1032,2.0,8.0
248,694,1.0,41.0
248,1583,1.0,27.0
248,1809,8.0,7.0
248,2549,2.0,20.0
248,4502,1.0,22.0
249,250,2.0,12.0
249,340,1.0,7.0
249,1266,1.0,26.0
249,4501,1.0,4.0
250,342,1.0,33.0
250,696,2.0,7.0
250,697,1.0,14.0
250,698,1.0,21.0
250,700,1.0,35.0
250,1714,1.0,34.0
251,1735,1.0,42.0
251,1810,3.0,7.0
252,4249,2.0,7.0
253,1811,3.0,6.0
254,1736,1.0,81.0
255,742,2.0,21.0
270,1066,1.0,19.0
273,1935,1.0,2.0
274,7,1.0,32.0
274,1148,2.0,7.0
279,923,1.0,26.0
280,282,1.0,14.0
281,282,1.0,7.0
282,117,1.0,21.0
282,284,3.0,14.0
282,589,1.0,68.0
282,900,1.0,26.0
282,1136,1.0,134.0
282,2860,1.0,109.0
282,3386,2.0,27.0
282,3430,1.0,22.0
282,3709,1.0,206.0
282,4352,1.0,42.0
282,4369,1.0,77.0
284,285,2.0,7.0
284,1692,1.0,54.0
285,286,6.0,7.0
286,288,10.0,14.0
288,167,2.0,51.0
288,289,1.0,7.0
288,291,3.0,22.0
288,589,2.0,26.0
288,905,1.0,80.0
288,2262,1.0,61.0
289,282,1.0,51.0
291,292,7.0,7.0
291,1530,1.0,40.0
291,1923,1.0,34.0
292,293,2.0,7.0
292,294,7.0,14.0
293,295,1.0,14.0
293,3739,1.0,23.0
294,295,1.0,7.0
294,296,7.0,14.0
295,1530,1.0,69.0
295,4415,1.0,20.0
296,297,1.0,7.0
296,298,7.0,15.0
297,285,1.0,89.0
298,99,1.0,40.0
298,281,1.0,95.0
298,305,1.0,52.0
298,1577,1.0,115.0
298,1611,1.0,42.0
298,2619,1.0,75.0
298,2741,1.0,50.0
298,2911,1.0,20.0
298,3115,1.0,160.0
298,3384,1.0,72.0
298,3389,1.0,38.0
299,298,3.0,7.0
300,299,1.0,7.0
300,2684,1.0,60.0
302,303,2.0,7.0
302,2740,1.0,19.0
303,304,1.0,7.0
303,1530,1.0,113.0
303,1899,1.0,35.0
304,303,1.0,7.0
305,302,1.0,22.0
305,533,1.0,19.0
307,534,1.0,31.0
307,1544,1.0,47.0
307,1545,1.0,27.0
307,1546,1.0,27.0
307,3041,1.0,26.0
307,3602,1.0,38.0
308,307,3.0,7.0
308,2787,1.0,73.0
309,308,3.0,7.0
310,309,2.0,7.0
310,2953,1.0,32.0
312,1683,1.0,51.0
312,2312,1.0,14.0
314,419,1.0,7.0
314,3803,1.0,31.0
319,499,1.0,25.0
319,1090,2.0,8.0
321,499,1.0,8.0
325,499,1.0,35.0
329,1881,14.0,16.0
329,1946,1.0,75.0
329,2538,1.0,155.0
330,538,1.0,52.0
331,329,1.0,13.0
331,538,1.0,55.0
333,329,1.0,27.0
333,2774,1.0,113.0
334,333,1.0,7.0
335,225,1.0,77.0
335,251,1.0,98.0
335,329,1.0,43.0
335,331,1.0,29.0
335,334,1.0,8.0
335,545,1.0,189.0
335,577,1.0,79.0
335,690,2.0,53.0
335,694,1.0,60.0
335,869,2.0,59.0
335,1226,1.0,11.0
335,1229,1.0,113.0
335,1371,1.0,95.0
335,1552,1.0,59.0
335,1734,2.0,3.0
335,2774,1.0,91.0
335,3131,1.0,129.0
335,4282,1.0,70.0
335,4287,1.0,23.0
336,1734,1.0,7.0
336,2236,1.0,82.0
338,329,1.0,73.0
338,692,1.0,30.0
338,4506,1.0,0.0
339,4505,2.0,4.0
340,1266,1.0,19.0
341,248,1.0,25.0
341,249,4.0,7.0
342,4503,3.0,4.0
343,700,1.0,52.0
343,715,1.0,161.0
343,1973,7.0,20.0
344,1286,2.0,43.0
345,344,1.0,7.0
346,1286,1.0,57.0
347,710,1.0,63.0
347,1976,5.0,10.0
348,1382,1.0,64.0
348,1976,1.0,17.0
349,348,1.0,7.0
350,716,1.0,78.0
350,1679,2.0,4.0
351,1979,8.0,14.0
352,756,1.0,115.0
353,1015,1.0,80.0
353,1382,1.0,73.0
354,715,1.0,45.0
354,1388,1.0,32.0
355,1984,3.0,7.0
355,2012,1.0,71.0
356,355,1.0,7.0
357,1394,1.0,75.0
358,883,3.0,37.0
359,722,1.0,49.0
359,1988,5.0,9.0
360,362,1.0,37.0
361,362,1.0,44.0
361,1032,1.0,73.0
361,1991,1.0,68.0
362,355,1.0,51.0
362,356,1.0,44.0
362,360,1.0,15.0
362,361,1.0,8.0
362,363,1.0,21.0
362,719,1.0,77.0
362,1388,2.0,61.0
362,1392,1.0,29.0
362,1394,1.0,16.0
362,1982,1.0,79.0
362,1987,1.0,40.0
362,1990,1.0,16.0
362,1991,1.0,41.0
362,2090,1.0,72.0
362,2343,1.0,114.0
362,2444,1.0,33.0
362,3003,1.0,165.0
362,4246,1.0,27.0
363,362,2.0,8.0
363,2444,1.0,41.0
368,2368,1.0,133.0
375,1591,1.0,127.0
375,2651,1.0,80.0
376,375,2.0,6.0
376,2955,1.0,40.0
378,376,2.0,12.0
378,3133,1.0,139.0
379,378,2.0,13.0
381,379,1.0,14.0
384,208,1.0,164.0
384,1926,1.0,7.0
387,3949,1.0,82.0
390,1888,1.0,101.0
390,3862,2.0,8.0
392,390,3.0,14.0
392,3919,1.0,98.0
393,392,1.0,7.0
394,392,3.0,13.0
395,394,2.0,5.0
395,1705,1.0,92.0
396,395,3.0,6.0
397,2653,2.0,92.0
397,3925,1.0,55.0
399,397,1.0,13.0
399,538,1.0,48.0
399,2065,1.0,97.0
400,399,1.0,7.0
403,2368,1.0,119.0
404,362,1.0,29.0
404,3941,2.0,6.0
405,3795,1.0,10.0
406,3812,1.0,27.0
408,409,1.0,12.0
408,4423,7.0,2.0
409,34,1.0,41.0
409,408,6.0,8.0
409,802,1.0,43.0
410,408,2.0,16.0
411,410,1.0,8.0
411,3777,1.0,10.0
411,3787,1.0,32.0
411,4569,1.0,53.0
411,4571,1.0,46.0
412,411,2.0,8.0
413,412,1.0,7.0
413,2156,1.0,22.0
413,2157,1.0,18.0
414,37,1.0,102.0
414,805,5.0,21.0
414,3625,1.0,44.0
416,2310,1.0,32.0
416,3765,2.0,1.0
418,2160,1.0,12.0
419,1837,1.0,27.0
420,21,1.0,59.0
420,314,2.0,7.0
420,811,1.0,9.0
420,3762,3.0,1.0
422,812,1.0,16.0
422,2162,4.0,36.0
422,3781,1.0,23.0
423,422,2.0,7.0
425,3780,1.0,9.0
426,817,1.0,11.0
428,42,1.0,18.0
428,3783,1.0,1.0
428,3791,1.0,8.0
430,820,1.0,18.0
430,1633,1.0,39.0
430,2168,1.0,34.0
430,3640,1.0,33.0
430,3797,2.0,8.0
431,430,1.0,7.0
434,135,1.0,50.0
434,2171,1.0,35.0
434,2320,1.0,89.0
434,3534,1.0,30.0
434,3773,1.0,10.0
434,3774,1.0,30.0
434,3800,1.0,2.0
440,3774,1.0,15.0
440,3802,4.0,9.0
446,431,1.0,125.0
453,3022,1.0,13.0
461,3497,2.0,8.0
473,2118,1.0,21.0
479,3543,1.0,51.0
483,170,1.0,30.0
483,174,1.0,28.0
483,3083,1.0,29.0
486,179,1.0,48.0
499,1086,1.0,54.0
499,3209,1.0,36.0
499,3231,1.0,134.0
499,3970,1.0,74.0
503,499,1.0,27.0
503,505,1.0,15.0
505,231,1.0,254.0
505,4334,1.0,69.0
507,3905,1.0,129.0
511,3906,1.0,8.0
514,511,1.0,30.0
517,1743,2.0,10.0
518,1612,1.0,49.0
519,4340,1.0,2.0
527,4490,1.0,89.0
528,2687,1.0,36.0
528,3713,1.0,82.0
529,2871,1.0,99.0
529,3710,1.0,1.0
530,529,1.0,13.0
532,533,2.0,20.0
532,1542,1.0,55.0
532,1545,1.0,42.0
532,2269,1.0,22.0
532,2535,1.0,34.0
532,2536,1.0,35.0
532,2683,1.0,95.0
532,2865,1.0,71.0
532,3040,1.0,54.0
532,3691,2.0,104.0
532,3701,1.0,78.0
533,532,2.0,20.0
533,1351,1.0,69.0
533,2914,1.0,48.0
533,3041,1.0,7.0
533,3178,1.0,168.0
534,305,1.0,16.0
534,1891,1.0,5.0
537,57,1.0,65.0
538,680,1.0,72.0
538,785,1.0,21.0
538,861,1.0,72.0
538,1862,13.0,7.0
538,2795,1.0,14.0
540,543,1.0,59.0
540,566,1.0,259.0
540,876,1.0,94.0
540,917,1.0,65.0
540,975,1.0,25.0
540,1120,1.0,22.0
540,1122,1.0,68.0
540,1127,1.0,95.0
540,1912,1.0,148.0
540,2086,1.0,94.0
540,2806,1.0,89.0
540,3868,1.0,98.0
540,4240,1.0,45.0
543,975,2.0,10.0
543,4301,1.0,15.0
544,540,1.0,108.0
545,3044,1.0,8.0
545,3284,1.0,23.0
552,2902,1.0,229.0
554,223,2.0,26.0
554,3356,1.0,10.0
555,4043,1.0,37.0
560,124,1.0,122.0
560,2363,1.0,29.0
560,2399,1.0,66.0
564,565,2.0,14.0
565,3291,3.0,2.0
566,4136,1.0,7.0
567,568,1.0,9.0
567,2996,1.0,45.0
568,378,1.0,122.0
568,2996,1.0,54.0
574,4351,1.0,115.0
576,329,1.0,21.0
577,215,1.0,41.0
577,688,11.0,6.0
579,2774,1.0,206.0
579,4450,1.0,34.0
580,1883,1.0,6.0
581,253,1.0,115.0
582,3432,1.0,146.0
584,1526,1.0,15.0
586,899,1.0,76.0
587,2461,3.0,6.0
589,1531,9.0,14.0
589,1805,1.0,74.0
589,1921,1.0,69.0
589,2460,1.0,61.0
589,2461,1.0,47.0
590,3871,1.0,13.0
591,677,2.0,20.0
601,3836,1.0,90.0
602,2184,1.0,63.0
606,1752,1.0,26.0
609,606,1.0,22.0
612,3962,1.0,43.0
614,75,1.0,53.0
614,211,1.0,20.0
614,1647,2.0,11.0
618,2996,1.0,79.0
622,57,1.0,93.0
626,335,4.0,22.0
626,627,5.0,13.0
626,4507,1.0,4.0
627,339,1.0,30.0
627,696,1.0,69.0
627,1267,1.0,73.0
627,1950,1.0,80.0
627,2361,1.0,159.0
627,2374,1.0,137.0
629,2774,1.0,75.0
630,1586,2.0,21.0
630,2236,1.0,40.0
630,2849,1.0,49.0
631,2237,1.0,7.0
634,519,1.0,36.0
637,899,1.0,68.0
637,3098,1.0,43.0
639,3684,1.0,22.0
639,3685,1.0,15.0
639,4424,1.0,54.0
640,1035,1.0,58.0
641,4424,1.0,21.0
643,409,4.0,33.0
643,411,1.0,17.0
645,2470,1.0,36.0
652,653,1.0,3.0
653,379,1.0,71.0
654,1032,1.0,132.0
654,1526,3.0,36.0
654,1917,2.0,7.0
654,2619,1.0,85.0
655,1032,1.0,146.0
655,1529,1.0,79.0
655,2573,5.0,7.0
657,1529,1.0,37.0
657,1920,1.0,7.0
657,3064,2.0,20.0
658,899,1.0,113.0
658,1529,1.0,51.0
658,2265,1.0,26.0
658,3064,1.0,34.0
659,1827,1.0,14.0
659,1922,1.0,7.0
660,285,1.0,101.0
660,1530,1.0,42.0
660,1611,2.0,21.0
667,1821,1.0,11.0
668,670,1.0,20.0
668,984,1.0,102.0
668,1154,1.0,52.0
668,1274,1.0,60.0
670,1888,1.0,45.0
673,590,1.0,77.0
673,3871,1.0,63.0
673,3968,1.0,19.0
673,4241,3.0,15.0
675,682,1.0,56.0
677,1592,1.0,82.0
677,3129,1.0,53.0
677,3866,1.0,55.0
677,3871,2.0,19.0
677,3872,1.0,26.0
677,3959,1.0,89.0
677,3967,1.0,62.0
680,215,1.0,120.0
680,393,1.0,86.0
680,682,1.0,21.0
680,772,1.0,66.0
680,780,1.0,38.0
680,785,1.0,49.0
680,1122,1.0,31.0
680,1125,1.0,72.0
680,2450,1.0,171.0
682,224,1.0,99.0
682,2806,1.0,72.0
685,1945,7.0,24.0
687,329,1.0,55.0
687,577,10.0,6.0
687,1882,4.0,24.0
688,215,1.0,34.0
688,216,9.0,6.0
688,1735,1.0,52.0
689,217,1.0,31.0
689,691,2.0,14.0
689,1948,3.0,24.0
690,335,1.0,39.0
690,1734,1.0,35.0
690,2546,1.0,49.0
691,224,2.0,7.0
691,329,1.0,74.0
692,627,1.0,48.0
692,1286,1.0,114.0
692,1735,1.0,39.0
693,250,2.0,21.0
693,4507,1.0,32.0
694,250,1.0,14.0
694,1266,1.0,41.0
695,250,2.0,7.0
696,341,5.0,9.0
696,700,1.0,28.0
697,1341,1.0,24.0
698,342,2.0,12.0
699,700,3.0,7.0
700,343,1.0,12.0
700,709,1.0,65.0
700,1286,1.0,50.0
700,1710,10.0,24.0
700,1901,2.0,39.0
700,4251,2.0,32.0
701,343,1.0,4.0
702,703,3.0,6.0
703,346,1.0,35.0
703,704,1.0,7.0
703,710,1.0,51.0
703,1975,2.0,25.0
704,1286,1.0,49.0
704,1901,1.0,82.0
705,347,3.0,14.0
705,706,1.0,7.0
705,715,1.0,73.0
706,2517,1.0,35.0
708,350,3.0,19.0
709,1976,2.0,54.0
709,1979,2.0,24.0
709,2517,1.0,72.0
710,711,6.0,7.0
711,351,2.0,24.0
711,714,4.0,21.0
714,715,2.0,7.0
714,723,1.0,66.0
714,2332,1.0,28.0
715,716,10.0,7.0
715,718,3.0,21.0
715,1005,1.0,43.0
715,2336,1.0,79.0
716,715,1.0,64.0
716,717,1.0,7.0
716,718,1.0,14.0
716,1005,1.0,35.0
716,1006,1.0,46.0
716,1389,1.0,63.0
716,1982,1.0,60.0
716,1983,2.0,53.0
716,1985,3.0,31.0
716,2039,1.0,50.0
716,3671,1.0,70.0
717,719,1.0,14.0
717,2611,1.0,35.0
718,719,5.0,7.0
719,358,1.0,33.0
719,721,6.0,14.0
719,1986,1.0,32.0
719,2887,1.0,35.0
719,3675,1.0,63.0
721,722,2.0,7.0
721,723,2.0,15.0
721,1390,1.0,64.0
721,1989,1.0,24.0
722,723,1.0,7.0
722,1015,1.0,107.0
722,1988,1.0,54.0
722,1990,1.0,32.0
722,2669,1.0,164.0
723,357,1.0,70.0
723,358,1.0,63.0
723,361,1.0,48.0
723,362,1.0,40.0
723,584,1.0,137.0
723,724,3.0,8.0
723,2344,1.0,64.0
723,2567,1.0,56.0
723,4377,1.0,44.0
724,1032,3.0,36.0
730,1282,1.0,49.0
734,2955,8.0,38.0
734,2996,1.0,72.0
736,2386,1.0,138.0
739,2996,1.0,64.0
740,1737,2.0,24.0
741,3265,1.0,114.0
741,3280,2.0,14.0
742,741,3.0,6.0
745,255,1.0,7.0
747,1009,1.0,126.0
748,1711,1.0,56.0
752,90,1.0,18.0
754,1009,1.0,75.0
754,3265,3.0,23.0
755,754,2.0,7.0
755,3265,1.0,31.0
756,755,1.0,7.0
757,755,1.0,14.0
762,1010,3.0,27.0
762,3260,7.0,30.0
762,3610,1.0,33.0
763,762,1.0,7.0
763,1394,1.0,139.0
764,763,1.0,7.0
767,762,1.0,36.0
768,767,1.0,7.0
769,355,1.0,133.0
769,763,1.0,44.0
769,768,1.0,7.0
769,2013,1.0,76.0
769,2888,1.0,47.0
769,3311,1.0,32.0
769,3312,1.0,38.0
769,3314,2.0,38.0
769,3628,1.0,53.0
770,643,1.0,88.0
772,1888,1.0,23.0
780,3158,1.0,19.0
785,335,1.0,157.0
785,680,8.0,50.0
785,1123,2.0,51.0
785,1750,4.0,13.0
787,538,2.0,59.0
790,791,4.0,23.0
791,2065,1.0,54.0
791,2656,1.0,76.0
791,2790,2.0,8.0
792,2975,1.0,67.0
800,801,2.0,7.0
800,802,1.0,14.0
800,2153,1.0,25.0
800,3151,1.0,17.0
801,411,1.0,57.0
801,643,1.0,39.0
802,643,1.0,47.0
802,3177,2.0,26.0
803,802,1.0,28.0
803,2156,1.0,24.0
805,413,1.0,37.0
805,800,1.0,58.0
805,1004,1.0,18.0
805,3622,2.0,21.0
810,420,1.0,25.0
811,810,1.0,15.0
812,144,2.0,48.0
815,19,1.0,17.0
815,420,1.0,53.0
817,422,1.0,46.0
818,42,1.0,7.0
820,17,1.0,99.0
821,430,1.0,11.0
825,434,3.0,11.0
828,2319,1.0,71.0
832,430,1.0,91.0
836,545,1.0,21.0
840,2495,1.0,22.0
846,4026,1.0,11.0
847,1657,1.0,7.0
852,518,1.0,8.0
857,1515,1.0,26.0
860,1316,1.0,7.0
860,1317,1.0,14.0
861,538,1.0,45.0
861,863,1.0,41.0
863,2063,8.0,7.0
863,2304,1.0,52.0
866,2653,1.0,40.0
869,685,6.0,27.0
875,3009,1.0,151.0
876,677,1.0,23.0
881,1569,4.0,21.0
881,2887,3.0,14.0
882,1991,1.0,79.0
883,362,1.0,16.0
883,1393,1.0,8.0
883,1394,5.0,15.0
884,2089,4.0,7.0
888,2996,1.0,44.0
889,888,1.0,15.0
889,2821,2.0,19.0
889,4393,1.0,7.0
891,57,1.0,149.0
891,2059,1.0,79.0
892,2996,1.0,25.0
896,3099,2.0,7.0
897,639,2.0,7.0
898,899,4.0,19.0
899,98,1.0,180.0
899,897,1.0,74.0
899,900,2.0,20.0
899,905,1.0,90.0
899,1536,1.0,40.0
899,1611,1.0,121.0
899,2260,2.0,14.0
899,2346,1.0,91.0
899,2681,1.0,62.0
899,2862,2.0,40.0
899,2892,1.0,154.0
899,3118,1.0,35.0
899,3576,1.0,132.0
899,3931,1.0,31.0
899,3932,1.0,37.0
899,4123,1.0,82.0
899,4426,1.0,49.0
900,908,4.0,28.0
903,1526,1.0,29.0
905,903,1.0,42.0
905,1690,1.0,7.0
907,2262,1.0,14.0
907,2681,1.0,48.0
907,2748,1.0,113.0
907,3679,1.0,112.0
907,3682,1.0,55.0
907,4312,1.0,127.0
908,907,1.0,34.0
908,2263,1.0,27.0
908,2264,1.0,42.0
908,3103,1.0,7.0
914,591,1.0,6.0
917,1515,1.0,27.0
921,1705,1.0,35.0
922,403,1.0,13.0
923,57,1.0,104.0
925,57,1.0,105.0
926,3363,2.0,18.0
929,981,1.0,63.0
929,1702,1.0,61.0
929,2924,1.0,82.0
930,2929,1.0,38.0
931,930,1.0,18.0
934,574,1.0,40.0
934,1642,1.0,32.0
938,1675,1.0,43.0
943,3949,1.0,18.0
951,2927,1.0,22.0
952,1752,1.0,29.0
953,2902,1.0,34.0
954,4110,1.0,35.0
955,2902,1.0,176.0
956,955,1.0,6.0
956,1590,1.0,2.0
956,1888,1.0,53.0
957,2996,1.0,118.0
958,3075,1.0,137.0
959,1752,1.0,118.0
959,1888,1.0,74.0
960,959,1.0,6.0
960,1888,1.0,80.0
961,960,1.0,14.0
962,960,1.0,21.0
963,2902,1.0,92.0
965,929,1.0,97.0
975,221,1.0,94.0
975,836,1.0,69.0
975,1366,2.0,12.0
975,1367,1.0,19.0
975,2428,1.0,57.0
975,2539,1.0,68.0
975,3425,1.0,36.0
978,2208,1.0,9.0
981,1718,2.0,32.0
984,981,1.0,24.0
984,4416,2.0,9.0
985,1344,1.0,6.0
987,4351,1.0,63.0
988,3169,2.0,17.0
988,4351,1.0,78.0
989,2493,2.0,9.0
993,995,1.0,42.0
993,2358,4.0,29.0
993,2557,1.0,21.0
993,2640,1.0,58.0
995,2245,1.0,54.0
996,2248,1.0,27.0
997,2474,1.0,80.0
998,2968,1.0,14.0
1000,157,1.0,7.0
1000,2377,1.0,42.0
1002,2309,1.0,7.0
1004,416,1.0,37.0
1005,715,2.0,28.0
1005,2332,6.0,7.0
1005,2562,3.0,35.0
1006,353,1.0,14.0
1007,1392,3.0,42.0
1007,1394,1.0,65.0
1009,1681,1.0,101.0
1009,2813,3.0,28.0
1010,3003,1.0,15.0
1010,3265,2.0,39.0
1011,103,1.0,49.0
1015,709,1.0,42.0
1015,1179,1.0,35.0
1015,2336,3.0,7.0
1015,2374,2.0,28.0
1015,2559,3.0,21.0
1017,710,1.0,81.0
1032,722,1.0,50.0
1032,723,4.0,27.0
1032,881,7.0,7.0
1032,1037,1.0,74.0
1032,2088,1.0,15.0
1032,2259,1.0,82.0
1032,2563,1.0,50.0
1032,2564,1.0,36.0
1032,2568,1.0,36.0
1032,2679,1.0,78.0
1032,3676,1.0,60.0
1032,4057,1.0,95.0
1033,637,1.0,44.0
1033,1032,1.0,13.0
1033,1533,2.0,29.0
1033,2565,1.0,41.0
1033,2566,2.0,8.0
1033,2567,1.0,15.0
1033,3677,1.0,12.0
1033,3681,1.0,64.0
1033,4377,1.0,43.0
1034,3677,1.0,1.0
1035,897,1.0,77.0
1035,1034,1.0,13.0
1035,2345,1.0,7.0
1035,2677,1.0,41.0
1035,2747,1.0,28.0
1035,3680,1.0,22.0
1035,4312,1.0,15.0
1035,4427,1.0,35.0
1035,4470,1.0,14.0
1036,82,1.0,26.0
1036,1035,2.0,13.0
1036,1536,1.0,29.0
1036,2258,1.0,27.0
1036,2346,1.0,34.0
1036,3116,1.0,62.0
1036,4370,1.0,66.0
1036,4371,1.0,83.0
1036,4469,1.0,35.0
1037,82,3.0,6.0
1037,1036,2.0,19.0
1037,2255,1.0,36.0
1037,2750,1.0,58.0
1037,2860,1.0,26.0
1038,282,1.0,44.0
1045,1407,1.0,30.0
1049,602,1.0,48.0
1049,1051,1.0,15.0
1049,2006,1.0,41.0
1049,2725,1.0,22.0
1049,4076,1.0,68.0
1049,4545,1.0,7.0
1051,2767,1.0,30.0
1059,1060,1.0,7.0
1059,1167,1.0,74.0
1060,1061,1.0,7.0
1061,461,1.0,62.0
1061,1220,1.0,46.0
1065,2769,1.0,40.0
1066,1065,1.0,22.0
1086,1087,1.0,7.0
1087,71,1.0,32.0
1087,1088,1.0,7.0
1088,2211,1.0,69.0
1090,319,1.0,8.0
1090,2410,1.0,122.0
1099,2326,1.0,31.0
1106,1110,1.0,1.0
1106,1111,1.0,18.0
1110,2368,1.0,78.0
1111,4388,1.0,121.0
1114,828,1.0,19.0
1115,1515,1.0,50.0
1120,538,1.0,120.0
1122,3872,5.0,6.0
1123,215,1.0,159.0
1123,1115,1.0,3.0
1125,591,1.0,115.0
1125,2838,1.0,20.0
1127,329,1.0,113.0
1130,57,1.0,48.0
1133,1134,1.0,15.0
1133,3126,1.0,158.0
1134,2787,1.0,6.0
1135,1136,1.0,4.0
1136,99,2.0,25.0
1138,2891,1.0,19.0
1145,1436,1.0,29.0
1147,208,2.0,7.0
1148,16,1.0,14.0
1148,1666,1.0,56.0
1149,4490,1.0,54.0
1152,2074,1.0,4.0
1153,1888,1.0,92.0
1153,2922,1.0,6.0
1154,387,1.0,20.0
1154,1155,1.0,27.0
1155,400,1.0,130.0
1155,2328,1.0,119.0
1158,344,1.0,53.0
1158,703,1.0,35.0
1158,1286,1.0,21.0
1158,2665,1.0,49.0
1159,700,1.0,53.0
1160,1286,1.0,95.0
1161,1158,1.0,102.0
1161,1382,1.0,54.0
1161,4259,1.0,7.0
1167,1786,1.0,55.0
1167,4087,1.0,8.0
1167,4092,1.0,1.0
1168,1966,1.0,9.0
1177,1348,2.0,16.0
1178,1015,1.0,7.0
1179,2248,1.0,91.0
1179,2560,1.0,7.0
1180,2781,1.0,48.0
1180,3667,1.0,5.0
1181,1182,1.0,14.0
1181,2375,1.0,7.0
1182,1183,1.0,19.0
1183,2251,3.0,7.0
1183,2336,1.0,91.0
1183,2376,1.0,26.0
1183,2519,1.0,97.0
1183,2621,1.0,118.0
1183,2665,1.0,98.0
1184,2248,1.0,62.0
1184,4403,2.0,21.0
1187,1781,1.0,32.0
1192,4078,1.0,36.0
1197,4043,1.0,103.0
1199,790,1.0,33.0
1202,1762,1.0,7.0
1202,2165,1.0,28.0
1203,1763,1.0,7.0
1209,2276,5.0,14.0
1210,1209,1.0,20.0
1212,2357,2.0,6.0
1214,2656,1.0,71.0
1215,2328,1.0,73.0
1217,1212,1.0,109.0
1217,2420,1.0,8.0
1217,3074,1.0,34.0
1217,4236,1.0,122.0
1219,1786,1.0,21.0
1219,1969,1.0,24.0
1219,4013,1.0,1.0
1220,1420,2.0,7.0
1224,1972,1.0,118.0
1224,2193,1.0,7.0
1224,4006,1.0,104.0
1226,215,1.0,13.0
1228,329,1.0,118.0
1228,4223,1.0,3.0
1228,4450,1.0,7.0
1229,215,1.0,115.0
1229,219,1.0,13.0
1230,55,1.0,24.0
1239,329,1.0,25.0
1239,1630,1.0,13.0
1240,329,1.0,32.0
1246,2589,1.0,7.0
1247,1248,1.0,12.0
1247,2693,1.0,100.0
1248,2696,1.0,29.0
1250,2283,2.0,29.0
1251,1250,1.0,35.0
1257,1711,3.0,11.0
1258,1286,1.0,122.0
1260,754,2.0,37.0
1261,88,1.0,148.0
1261,1736,1.0,58.0
1266,339,1.0,9.0
1266,626,1.0,7.0
1266,693,1.0,49.0
1266,695,1.0,34.0
1266,2548,1.0,27.0
1266,2847,1.0,69.0
1266,4505,1.0,14.0
1266,4506,1.0,17.0
1267,215,1.0,102.0
1267,700,1.0,88.0
1267,1948,1.0,43.0
1268,700,1.0,98.0
1274,1276,1.0,6.0
1276,2712,1.0,11.0
1276,3024,1.0,7.0
1278,2588,1.0,60.0
1282,1556,1.0,7.0
1282,2696,1.0,49.0
1283,2891,2.0,22.0
1286,343,6.0,32.0
1286,345,1.0,52.0
1286,696,1.0,78.0
1286,699,2.0,42.0
1286,702,3.0,35.0
1286,704,1.0,49.0
1286,1679,1.0,102.0
1286,1810,1.0,102.0
1286,2356,1.0,22.0
1286,2370,1.0,57.0
1286,2552,1.0,42.0
1286,2553,1.0,36.0
1286,2640,1.0,15.0
1286,2907,1.0,29.0
1287,2553,1.0,7.0
1287,2555,1.0,21.0
1288,2553,1.0,21.0
1290,2834,1.0,14.0
1291,2474,2.0,14.0
1291,4341,1.0,19.0
1292,1291,2.0,12.0
1293,1292,1.0,6.0
1294,2969,2.0,35.0
1294,3570,2.0,18.0
1295,978,1.0,26.0
1307,1909,1.0,41.0
1308,406,1.0,18.0
1311,414,1.0,53.0
1311,1314,1.0,30.0
1314,3795,1.0,128.0
1316,2165,1.0,49.0
1317,1318,2.0,7.0
1318,1319,2.0,7.0
1318,2320,2.0,55.0
1319,108,1.0,15.0
1319,2316,1.0,39.0
1322,4565,1.0,7.0
1325,1396,1.0,24.0
1328,2179,1.0,24.0
1328,3481,1.0,55.0
1328,3827,1.0,87.0
1328,3828,1.0,67.0
1340,248,1.0,59.0
1340,251,1.0,7.0
1340,252,1.0,31.0
1341,251,2.0,14.0
1341,343,1.0,72.0
1341,696,2.0,31.0
1341,1267,1.0,28.0
1341,1340,2.0,7.0
1341,2805,1.0,129.0
1341,3439,1.0,63.0
1341,4120,1.0,92.0
1341,4250,3.0,24.0
1344,4351,1.0,44.0
1345,963,1.0,16.0
1348,533,1.0,111.0
1348,2871,1.0,143.0
1349,527,1.0,29.0
1349,2619,1.0,109.0
1351,1895,1.0,14.0
1352,2868,1.0,22.0
1354,2270,1.0,27.0
1355,298,1.0,49.0
1359,2929,1.0,28.0
1361,75,1.0,27.0
1364,1365,6.0,7.0
1365,4313,1.0,98.0
1365,4466,5.0,0.0
1366,215,1.0,110.0
1366,3425,1.0,24.0
1367,329,1.0,111.0
1369,1370,1.0,27.0
1370,225,1.0,32.0
1370,226,1.0,7.0
1370,580,1.0,59.0
1370,740,1.0,73.0
1370,1268,1.0,28.0
1370,1717,1.0,126.0
1370,2430,1.0,39.0
1370,2468,1.0,70.0
1370,3276,1.0,104.0
1370,3425,1.0,80.0
1371,1735,1.0,53.0
1372,1810,1.0,38.0
1373,253,2.0,31.0
1373,2774,1.0,199.0
1374,700,1.0,56.0
1374,1375,2.0,7.0
1375,701,1.0,56.0
1375,1384,1.0,86.0
1375,1386,1.0,100.0
1375,1710,2.0,24.0
1375,1711,9.0,24.0
1375,4322,1.0,41.0
1376,1160,1.0,21.0
1376,1378,1.0,14.0
1376,1382,1.0,50.0
1377,1382,1.0,43.0
1378,700,1.0,84.0
1379,708,1.0,71.0
1379,710,1.0,86.0
1381,715,1.0,107.0
1381,1382,1.0,7.0
1381,1680,1.0,32.0
1382,125,1.0,91.0
1382,348,1.0,44.0
1382,352,1.0,69.0
1382,353,1.0,62.0
1382,708,1.0,49.0
1382,709,2.0,56.0
1382,752,1.0,84.0
1382,993,1.0,84.0
1382,1386,1.0,43.0
1382,1387,1.0,57.0
1382,1679,1.0,24.0
1382,2338,1.0,63.0
1382,2435,1.0,46.0
1382,3308,1.0,105.0
1382,3433,1.0,86.0
1382,3435,1.0,97.0
1384,1007,1.0,21.0
1386,1007,3.0,7.0
1387,355,1.0,17.0
1388,359,3.0,36.0
1389,359,1.0,29.0
1390,359,2.0,22.0
1392,883,4.0,7.0
1393,3795,1.0,38.0
1394,363,2.0,5.0
1394,3938,7.0,3.0
1396,1397,1.0,7.0
1397,1657,1.0,24.0
1400,1848,1.0,58.0
1400,2003,1.0,32.0
1402,601,1.0,19.0
1407,1049,3.0,12.0
1407,1409,1.0,22.0
1407,2007,1.0,46.0
1409,1407,1.0,22.0
1411,1412,1.0,7.0
1412,1411,1.0,7.0
1412,1413,1.0,7.0
1412,1414,1.0,15.0
1412,1927,1.0,12.0
1413,1412,1.0,7.0
1414,1059,1.0,30.0
1418,1419,1.0,7.0
1419,1167,1.0,70.0
1419,1418,1.0,7.0
1419,4002,1.0,68.0
1419,4028,1.0,62.0
1419,4043,1.0,138.0
1420,1419,3.0,7.0
1423,1420,1.0,30.0
1424,1423,1.0,10.0
1429,2800,1.0,32.0
1429,3579,1.0,7.0
1430,929,2.0,13.0
1430,1648,3.0,7.0
1436,2036,1.0,23.0
1439,2193,1.0,61.0
1441,4004,1.0,15.0
1450,1459,1.0,18.0
1454,1502,1.0,18.0
1455,2996,1.0,28.0
1456,1455,1.0,13.0
1456,3163,1.0,131.0
1459,4226,1.0,31.0
1462,1508,1.0,26.0
1466,1888,1.0,51.0
1471,1472,1.0,7.0
1471,1474,1.0,21.0
1471,1475,2.0,28.0
1471,2945,1.0,17.0
1472,3163,1.0,17.0
1474,3163,1.0,33.0
1475,1364,3.0,19.0
1478,1364,1.0,31.0
1479,3090,1.0,12.0
1482,1684,2.0,16.0
1485,3133,1.0,7.0
1496,618,1.0,35.0
1496,739,1.0,7.0
1500,2971,1.0,19.0
1502,1752,1.0,161.0
1503,114,1.0,11.0
1503,4201,1.0,10.0
1507,1888,1.0,28.0
1508,1509,2.0,7.0
1508,1515,1.0,50.0
1508,2762,1.0,33.0
1508,3968,1.0,42.0
1509,1737,1.0,186.0
1509,2998,1.0,55.0
1515,543,1.0,69.0
1515,914,1.0,52.0
1515,1471,1.0,16.0
1515,1478,1.0,58.0
1515,1517,1.0,13.0
1515,2998,1.0,34.0
1515,4299,1.0,72.0
1517,4231,1.0,11.0
1522,975,1.0,30.0
1523,1522,1.0,5.0
1526,1822,1.0,21.0
1526,1823,9.0,7.0
1529,657,1.0,36.0
1529,899,1.0,77.0
1529,1825,3.0,21.0
1529,1921,13.0,14.0
1530,166,1.0,84.0
1530,292,1.0,48.0
1530,587,1.0,48.0
1530,1828,1.0,28.0
1530,2262,1.0,43.0
1530,2264,1.0,7.0
1530,2681,1.0,77.0
1530,2862,1.0,98.0
1530,3607,1.0,102.0
1530,3686,1.0,63.0
1531,285,1.0,64.0
1531,291,1.0,19.0
1531,660,1.0,22.0
1531,1828,2.0,7.0
1531,1918,1.0,97.0
1531,1922,1.0,50.0
1531,2620,1.0,36.0
1531,3695,1.0,76.0
1533,2569,3.0,7.0
1535,1035,1.0,29.0
1535,3181,1.0,20.0
1536,2861,1.0,7.0
1536,4424,1.0,40.0
1538,282,1.0,33.0
1538,3103,9.0,56.0
1539,2315,1.0,136.0
1539,2463,1.0,102.0
1541,2871,1.0,77.0
1541,3707,2.0,1.0
1542,2583,1.0,79.0
1544,532,3.0,21.0
1544,2415,1.0,26.0
1545,307,1.0,41.0
1545,1544,3.0,20.0
1545,2416,1.0,7.0
1545,2779,1.0,21.0
1546,307,1.0,27.0
1549,4284,1.0,49.0
1550,1551,1.0,13.0
1550,3138,1.0,7.0
1550,4287,1.0,22.0
1551,2774,1.0,61.0
1552,2608,1.0,67.0
1556,2586,1.0,7.0
1556,3724,1.0,12.0
1560,2278,1.0,57.0
1569,719,1.0,28.0
1569,1988,1.0,75.0
1569,2611,11.0,7.0
1570,2336,1.0,79.0
1570,2564,1.0,7.0
1571,3672,2.0,1.0
1572,2781,1.0,50.0
1576,1037,1.0,66.0
1577,157,1.0,60.0
1577,3117,1.0,61.0
1583,248,1.0,13.0
1584,248,1.0,28.0
1584,2237,1.0,76.0
1584,4169,1.0,35.0
1586,2240,1.0,26.0
1586,2243,1.0,62.0
1586,2246,1.0,104.0
1586,2477,1.0,75.0
1586,3160,1.0,157.0
1587,2239,2.0,7.0
1589,1153,1.0,13.0
1590,1888,2.0,58.0
1591,956,3.0,14.0
1591,957,1.0,20.0
1591,958,1.0,27.0
1591,1154,1.0,13.0
1592,673,1.0,16.0
1592,1888,1.0,32.0
1595,1615,1.0,97.0
1595,3129,2.0,20.0
1600,3968,1.0,67.0
1605,1526,1.0,59.0
1606,532,1.0,121.0
1606,2267,1.0,69.0
1606,3119,1.0,90.0
1607,1605,1.0,45.0
1608,2267,1.0,41.0
1609,659,1.0,41.0
1609,1803,16.0,15.0
1609,2267,1.0,27.0
1609,2865,2.0,8.0
1610,2266,1.0,7.0
1611,3119,7.0,7.0
1612,634,1.0,14.0
1614,538,1.0,16.0
1614,540,1.0,68.0
1615,396,1.0,45.0
1615,1614,2.0,20.0
1615,1945,1.0,104.0
1615,2626,1.0,42.0
1615,3094,1.0,65.0
1615,3648,1.0,67.0
1615,4182,1.0,66.0
1616,1615,2.0,18.0
1616,2063,1.0,7.0
1616,2626,6.0,7.0
1617,863,1.0,34.0
1617,2627,2.0,27.0
1617,4182,1.0,50.0
1618,1617,1.0,20.0
1618,2065,1.0,8.0
1619,1617,1.0,44.0
1619,1861,1.0,10.0
1620,2629,1.0,9.0
1624,1723,1.0,44.0
1626,1318,1.0,32.0
1626,2316,1.0,14.0
1626,2317,1.0,7.0
1629,2774,1.0,114.0
1630,2774,1.0,108.0
1631,17,1.0,44.0
1632,39,1.0,31.0
1633,428,1.0,26.0
1639,934,1.0,29.0
1642,4513,1.0,28.0
1644,3949,1.0,24.0
1645,943,1.0,12.0
1645,3949,1.0,31.0
1647,612,1.0,25.0
1647,614,1.0,11.0
1647,4354,1.0,5.0
1648,554,1.0,228.0
1648,3365,1.0,123.0
1648,4194,1.0,18.0
1650,1850,1.0,51.0
1651,2591,1.0,14.0
1652,2982,2.0,7.0
1652,4095,1.0,1.0
1657,3997,1.0,21.0
1657,4026,1.0,8.0
1661,329,1.0,32.0
1663,2234,1.0,6.0
1666,422,1.0,22.0
1666,3804,1.0,27.0
1672,2225,6.0,15.0
1672,2328,1.0,46.0
1674,962,1.0,143.0
1674,2977,1.0,37.0
1674,3076,1.0,19.0
1675,2843,1.0,58.0
1676,2979,1.0,42.0
1676,3373,2.0,128.0
1676,4153,1.0,26.0
1676,4353,1.0,65.0
1678,2640,1.0,66.0
1679,1381,3.0,32.0
1679,1382,5.0,24.0
1679,1976,3.0,21.0
1679,1977,1.0,14.0
1679,1978,1.0,7.0
1680,1382,5.0,24.0
1680,1681,1.0,24.0
1680,2435,2.0,21.0
1680,2622,1.0,53.0
1680,3053,1.0,32.0
1680,3107,1.0,53.0
1680,3614,1.0,57.0
1681,2333,1.0,68.0
1681,3265,1.0,48.0
1683,2307,2.0,14.0
1684,1685,3.0,12.0
1685,2059,9.0,7.0
1690,4370,1.0,38.0
1691,587,1.0,21.0
1692,899,1.0,21.0
1692,4371,1.0,8.0
1693,286,1.0,33.0
1693,899,1.0,42.0
1697,2772,2.0,40.0
1699,552,1.0,7.0
1702,2925,2.0,20.0
1702,4110,1.0,52.0
1705,2816,1.0,131.0
1705,2923,1.0,85.0
1705,3170,1.0,7.0
1705,3948,1.0,46.0
1707,2328,1.0,46.0
1710,1341,1.0,21.0
1710,1375,10.0,24.0
1710,2640,1.0,60.0
1711,227,1.0,71.0
1711,252,1.0,76.0
1711,1257,2.0,11.0
1711,1373,2.0,69.0
1711,1736,1.0,78.0
1711,3439,1.0,36.0
1711,3446,1.0,41.0
1711,3448,1.0,27.0
1711,3451,1.0,22.0
1711,3453,1.0,24.0
1711,3454,1.0,61.0
1711,3614,1.0,57.0
1711,4249,1.0,53.0
1711,4457,1.0,35.0
1711,4468,1.0,43.0
1712,1257,1.0,13.0
1712,1341,1.0,95.0
1712,2371,1.0,21.0
1712,3265,1.0,89.0
1713,254,1.0,94.0
1714,2479,2.0,13.0
1716,1261,1.0,15.0
1716,3875,1.0,1.0
1717,2784,1.0,50.0
1718,1345,1.0,87.0
1718,1430,1.0,29.0
1718,1496,1.0,123.0
1718,1705,1.0,120.0
1718,2070,1.0,62.0
1718,2357,1.0,187.0
1718,3912,1.0,33.0
1718,4416,1.0,66.0
1718,4495,1.0,30.0
1723,4160,1.0,89.0
1724,2223,1.0,119.0
1727,2059,1.0,27.0
1730,3887,1.0,251.0
1733,1792,1.0,7.0
1734,335,3.0,3.0
1734,685,1.0,83.0
1734,869,1.0,55.0
1735,691,1.0,24.0
1735,1370,5.0,24.0
1735,1734,1.0,52.0
1735,1948,2.0,14.0
1735,4287,1.0,79.0
1735,4401,1.0,39.0
1736,218,1.0,46.0
1736,220,1.0,58.0
1736,221,1.0,78.0
1736,1228,1.0,32.0
1736,1523,1.0,90.0
1736,2353,1.0,14.0
1736,2429,1.0,27.0
1737,229,1.0,46.0
1737,1229,1.0,31.0
1737,2468,1.0,21.0
1737,3360,1.0,37.0
1737,3447,1.0,63.0
1737,4450,1.0,48.0
1738,2,1.0,20.0
1740,3637,1.0,39.0
1743,517,1.0,10.0
1743,2513,1.0,37.0
1747,4166,1.0,30.0
1750,538,1.0,64.0
1750,1122,3.0,24.0
1752,952,1.0,9.0
1752,953,1.0,24.0
1752,954,1.0,25.0
1752,985,1.0,56.0
1752,1590,1.0,122.0
1752,1753,1.0,41.0
1752,2508,1.0,70.0
1752,2921,1.0,126.0
1752,3466,1.0,34.0
1753,1752,1.0,12.0
1761,1202,1.0,31.0
1762,2165,1.0,21.0
1763,2107,2.0,23.0
1765,52,1.0,24.0
1775,503,1.0,68.0
1781,1187,1.0,32.0
1786,1439,1.0,112.0
1786,1931,1.0,43.0
1792,414,1.0,79.0
1792,1830,2.0,13.0
1792,1832,1.0,29.0
1795,1796,1.0,20.0
1795,3745,1.0,1.0
1796,1795,1.0,20.0
1796,1871,1.0,27.0
1796,3744,1.0,1.0
1796,4342,1.0,42.0
1799,1805,2.0,96.0
1799,3762,1.0,173.0
1803,274,1.0,144.0
1803,1896,3.0,14.0
1803,2619,1.0,61.0
1803,2685,5.0,15.0
1803,2960,7.0,23.0
1804,1805,2.0,20.0
1804,2267,1.0,7.0
1805,533,1.0,43.0
1805,1354,1.0,28.0
1805,1806,1.0,40.0
1805,2739,1.0,46.0
1805,2741,1.0,61.0
1805,2961,1.0,7.0
1805,3120,1.0,36.0
1805,3175,1.0,78.0
1805,3820,1.0,70.0
1805,4431,1.0,60.0
1806,282,1.0,72.0
1809,626,8.0,13.0
1810,693,1.0,38.0
1810,695,1.0,24.0
1810,1267,1.0,7.0
1810,1950,2.0,14.0
1811,544,1.0,107.0
1811,1736,1.0,35.0
1811,2431,1.0,14.0
1814,52,1.0,77.0
1814,560,1.0,56.0
1815,2398,3.0,8.0
1818,2401,1.0,7.0
1821,538,1.0,24.0
1821,1615,1.0,78.0
1822,899,1.0,141.0
1822,1892,1.0,126.0
1823,654,1.0,28.0
1823,655,7.0,14.0
1823,1919,1.0,22.0
1825,654,2.0,56.0
1825,1526,1.0,36.0
1827,1530,1.0,7.0
1828,3065,3.0,21.0
1829,167,1.0,3.0
1829,282,2.0,40.0
1830,416,1.0,85.0
1830,800,1.0,24.0
1831,3779,1.0,77.0
1832,1792,1.0,29.0
1832,3245,1.0,30.0
1837,312,1.0,31.0
1837,3786,1.0,12.0
1841,1842,1.0,28.0
1841,3668,3.0,15.0
1842,1841,4.0,14.0
1842,2255,1.0,40.0
1842,2748,1.0,42.0
1843,2040,1.0,61.0
1843,2560,1.0,76.0
1843,2672,1.0,41.0
1843,2857,1.0,26.0
1844,3618,1.0,14.0
1845,2140,1.0,7.0
1846,4099,1.0,23.0
1848,1400,1.0,62.0
1850,3826,1.0,67.0
1850,4443,1.0,54.0
1854,1282,1.0,56.0
1854,2693,1.0,35.0
1855,3712,1.0,48.0
1856,1855,1.0,13.0
1857,2279,1.0,28.0
1858,1857,1.0,20.0
1858,2278,1.0,57.0
1860,2628,1.0,39.0
1860,3073,1.0,28.0
1861,1860,2.0,20.0
1861,4347,1.0,71.0
1862,538,1.0,38.0
1862,2795,12.0,7.0
1865,3163,1.0,41.0
1866,3286,2.0,8.0
1868,1796,1.0,58.0
1868,1869,3.0,19.0
1868,3427,1.0,6.0
1869,394,1.0,136.0
1869,1663,1.0,13.0
1869,2497,1.0,106.0
1869,2915,1.0,27.0
1869,3109,1.0,40.0
1871,1795,1.0,7.0
1871,4344,1.0,4.0
1874,3542,1.0,144.0
1881,538,1.0,29.0
1881,687,13.0,27.0
1882,215,1.0,85.0
1882,540,1.0,29.0
1882,579,2.0,31.0
1882,4283,1.0,106.0
1883,215,1.0,135.0
1886,2064,1.0,35.0
1886,3093,2.0,13.0
1887,1888,1.0,18.0
1887,3009,1.0,148.0
1888,79,4.0,34.0
1888,673,5.0,42.0
1888,1462,1.0,47.0
1888,1507,1.0,13.0
1888,1912,7.0,33.0
1888,3293,1.0,125.0
1888,4295,1.0,74.0
1889,179,1.0,79.0
1890,1407,1.0,25.0
1891,1897,1.0,90.0
1892,1529,1.0,131.0
1892,2619,1.0,108.0
1893,1349,2.0,14.0
1893,1892,1.0,28.0
1895,1529,1.0,89.0
1895,1897,1.0,33.0
1896,532,1.0,49.0
1896,1897,1.0,19.0
1896,2865,1.0,61.0
1897,296,1.0,77.0
1897,1530,1.0,73.0
1897,1804,1.0,14.0
1897,2740,1.0,27.0
1897,2911,1.0,83.0
1897,2959,1.0,53.0
1897,3698,1.0,44.0
1897,3820,1.0,77.0
1898,2740,1.0,7.0
1899,299,1.0,27.0
1901,1341,6.0,6.0
1909,2294,1.0,71.0
1912,1591,5.0,6.0
1912,1887,2.0,21.0
1912,1888,1.0,40.0
1914,2756,2.0,6.0
1915,329,1.0,155.0
1917,1526,1.0,29.0
1917,3701,1.0,132.0
1918,654,1.0,21.0
1919,654,1.0,36.0
1920,1529,1.0,29.0
1921,658,4.0,7.0
1921,2619,11.0,21.0
1922,660,2.0,27.0
1922,1530,1.0,15.0
1923,660,1.0,7.0
1926,668,1.0,37.0
1927,1059,1.0,30.0
1927,1412,1.0,12.0
1931,1061,1.0,8.0
1935,273,1.0,1.0
1935,2137,1.0,116.0
1935,3404,1.0,63.0
1935,3413,1.0,149.0
1939,2204,1.0,31.0
1945,540,10.0,15.0
1946,1945,1.0,7.0
1947,1369,1.0,24.0
1948,217,5.0,6.0
1948,1228,1.0,31.0
1949,225,1.0,7.0
1950,225,2.0,14.0
1950,1735,1.0,21.0
1953,1652,1.0,47.0
1955,3988,1.0,1.0
1956,1957,1.0,10.0
1957,1402,1.0,67.0
1957,1407,1.0,23.0
1957,1956,1.0,7.0
1959,3991,1.0,43.0
1962,1927,1.0,36.0
1966,1441,1.0,21.0
1968,1419,1.0,31.0
1969,3992,1.0,8.0
1972,3404,1.0,29.0
1973,1341,1.0,29.0
1973,1375,2.0,31.0
1973,1376,3.0,24.0
1973,1377,1.0,31.0
1973,1379,1.0,52.0
1974,700,1.0,39.0
1974,1286,1.0,60.0
1975,1341,1.0,43.0
1975,1382,1.0,61.0
1975,1974,1.0,6.0
1976,708,1.0,60.0
1976,710,1.0,76.0
1976,1161,1.0,56.0
1976,1375,1.0,60.0
1976,1379,1.0,24.0
1976,1901,1.0,50.0
1976,1973,1.0,28.0
1976,1974,1.0,21.0
1976,1975,1.0,14.0
1976,2517,1.0,81.0
1976,4251,1.0,43.0
1977,2621,1.0,52.0
1978,2621,1.0,59.0
1979,710,1.0,47.0
1979,1679,9.0,7.0
1981,351,1.0,7.0
1982,351,1.0,14.0
1982,716,1.0,61.0
1982,1015,1.0,67.0
1983,351,3.0,21.0
1984,351,1.0,36.0
1984,354,1.0,14.0
1984,705,1.0,111.0
1984,1982,1.0,21.0
1984,2039,1.0,75.0
1984,4402,1.0,75.0
1985,1984,3.0,7.0
1986,719,1.0,31.0
1987,1286,1.0,171.0
1988,358,1.0,16.0
1988,717,1.0,61.0
1988,722,1.0,39.0
1988,1390,1.0,32.0
1988,1981,1.0,58.0
1988,1983,1.0,43.0
1988,2565,1.0,75.0
1989,1991,1.0,72.0
1990,362,1.0,16.0
1990,882,1.0,7.0
1991,362,7.0,24.0
2003,2004,1.0,7.0
2003,2721,1.0,28.0
2004,2009,1.0,51.0
2006,2008,1.0,21.0
2007,1850,1.0,32.0
2008,1049,1.0,20.0
2009,1890,1.0,12.0
2009,4000,1.0,49.0
2009,4532,1.0,10.0
2010,2009,1.0,7.0
2011,993,1.0,66.0
2012,354,1.0,50.0
2012,1386,1.0,39.0
2012,2440,1.0,21.0
2013,3035,1.0,7.0
2021,1550,1.0,42.0
2023,335,1.0,92.0
2023,2064,1.0,55.0
2023,3426,1.0,20.0
2023,3873,1.0,6.0
2025,3069,1.0,35.0
2027,4191,1.0,19.0
2028,3069,1.0,10.0
2029,2028,1.0,5.0
2031,106,1.0,49.0
2035,2631,1.0,130.0
2036,208,1.0,20.0
2037,4256,1.0,32.0
2038,719,1.0,42.0
2038,1005,1.0,14.0
2038,2011,1.0,7.0
2039,1569,1.0,28.0
2039,2611,1.0,35.0
2040,3670,2.0,1.0
2041,1032,1.0,86.0
2041,2040,1.0,13.0
2041,2781,1.0,35.0
2045,2041,1.0,65.0
2052,3863,1.0,15.0
2054,1576,1.0,9.0
2054,2749,1.0,26.0
2056,1038,1.0,7.0
2056,2256,1.0,54.0
2059,223,6.0,10.0
2059,564,1.0,74.0
2059,1684,1.0,20.0
2059,1727,1.0,27.0
2059,2635,1.0,52.0
2059,2649,1.0,80.0
2059,2996,1.0,87.0
2059,4127,1.0,61.0
2059,4396,1.0,19.0
2063,1616,9.0,7.0
2063,1861,1.0,58.0
2063,4276,1.0,82.0
2064,866,1.0,41.0
2064,1212,1.0,64.0
2064,1619,2.0,49.0
2064,3426,1.0,75.0
2065,1617,1.0,28.0
2065,1886,3.0,14.0
2066,2630,1.0,19.0
2070,984,2.0,6.0
2071,200,1.0,33.0
2071,1752,1.0,81.0
2071,4379,1.0,12.0
2074,2996,1.0,110.0
2075,668,1.0,11.0
2079,2151,1.0,2.0
2079,2354,1.0,168.0
2080,1888,1.0,74.0
2080,4199,1.0,7.0
2081,1456,1.0,25.0
2081,2080,1.0,28.0
2083,2084,2.0,24.0
2084,3315,2.0,71.0
2086,1364,1.0,32.0
2087,1866,1.0,11.0
2088,2611,1.0,21.0
2089,1260,1.0,103.0
2089,2440,1.0,56.0
2089,3937,1.0,14.0
2089,3978,1.0,86.0
2090,3097,3.0,14.0
2091,100,1.0,4.0
2091,762,1.0,45.0
2091,3265,1.0,70.0
2106,825,2.0,42.0
2106,3974,1.0,22.0
2107,3640,3.0,0.0
2110,63,1.0,35.0
2110,3803,1.0,31.0
2111,416,1.0,30.0
2117,473,1.0,31.0
2118,2120,1.0,18.0
2120,3510,1.0,48.0
2124,2129,2.0,58.0
2129,2932,2.0,11.0
2129,4564,2.0,7.0
2133,3497,1.0,46.0
2137,2117,1.0,21.0
2139,925,1.0,33.0
2140,52,1.0,134.0
2141,2986,1.0,21.0
2147,1592,1.0,20.0
2151,1508,1.0,47.0
2153,2154,2.0,7.0
2154,800,1.0,47.0
2154,1733,1.0,63.0
2156,413,1.0,3.0
2156,803,1.0,38.0
2157,3786,1.0,41.0
2157,3793,1.0,12.0
2159,414,1.0,33.0
2159,2312,1.0,31.0
2160,1837,1.0,7.0
2161,2162,3.0,14.0
2161,4480,1.0,0.0
2162,274,2.0,50.0
2162,654,1.0,167.0
2162,812,1.0,24.0
2162,2110,1.0,35.0
2162,2302,1.0,25.0
2162,2616,1.0,152.0
2162,3803,1.0,20.0
2163,2164,1.0,7.0
2164,1203,1.0,49.0
2164,3780,1.0,19.0
2165,41,1.0,27.0
2165,425,1.0,49.0
2165,818,1.0,46.0
2165,821,1.0,32.0
2167,2106,1.0,59.0
2167,3805,2.0,18.0
2168,2169,2.0,7.0
2169,434,2.0,13.0
2169,2318,1.0,32.0
2171,3790,1.0,11.0
2173,2124,1.0,46.0
2173,3778,1.0,11.0
2176,2,1.0,39.0
2179,4399,1.0,37.0
2184,2010,1.0,34.0
2184,4552,1.0,57.0
2193,1224,3.0,7.0
2198,270,1.0,31.0
2203,2204,1.0,7.0
2204,1889,1.0,60.0
2204,1939,1.0,31.0
2204,2203,1.0,7.0
2208,2204,1.0,38.0
2211,1295,1.0,7.0
2211,2212,1.0,14.0
2212,2211,1.0,14.0
2220,3088,1.0,26.0
2223,2843,1.0,36.0
2224,921,1.0,28.0
2224,3949,1.0,32.0
2225,2224,2.0,4.0
2225,3949,5.0,12.0
2231,1199,1.0,6.0
2232,790,1.0,27.0
2234,2653,1.0,19.0
2236,2023,4.0,7.0
2236,3378,1.0,125.0
2237,630,4.0,26.0
2237,4197,2.0,19.0
2239,2774,1.0,56.0
2239,4287,1.0,82.0
2240,1586,1.0,26.0
2240,2237,1.0,35.0
2242,1587,1.0,21.0
2243,2240,1.0,20.0
2245,66,4.0,13.0
2245,4174,1.0,39.0
2246,66,1.0,20.0
2248,998,1.0,7.0
2248,1292,1.0,49.0
2248,2376,3.0,41.0
2248,2522,1.0,33.0
2248,2552,1.0,125.0
2248,2556,1.0,90.0
2248,2667,1.0,48.0
2248,2668,2.0,33.0
2248,2967,1.0,40.0
2248,3112,1.0,19.0
2248,3876,1.0,41.0
2248,4176,1.0,99.0
2251,2376,3.0,19.0
2254,1842,1.0,26.0
2254,2045,1.0,39.0
2254,3617,1.0,33.0
2255,2041,1.0,40.0
2255,2254,1.0,14.0
2256,2674,1.0,47.0
2256,2749,1.0,28.0
2258,2747,1.0,53.0
2259,3117,1.0,20.0
2260,641,1.0,23.0
2260,900,1.0,34.0
2261,3100,1.0,20.0
2262,899,2.0,14.0
2262,2261,1.0,7.0
2263,907,1.0,7.0
2264,586,1.0,40.0
2264,589,1.0,27.0
2265,1530,1.0,29.0
2266,1530,1.0,36.0
2266,1805,1.0,57.0
2267,659,1.0,29.0
2267,1610,1.0,7.0
2267,1922,1.0,36.0
2267,2266,1.0,15.0
2267,2865,1.0,19.0
2268,1804,2.0,7.0
2269,1897,1.0,7.0
2270,1805,1.0,56.0
2271,532,2.0,7.0
2273,2871,1.0,77.0
2274,1545,1.0,49.0
2275,282,1.0,118.0
2276,2689,1.0,48.0
2276,2870,3.0,19.0
2276,2953,1.0,34.0
2276,3715,1.0,55.0
2277,2275,1.0,14.0
2278,309,1.0,74.0
2278,532,1.0,72.0
2278,1209,2.0,7.0
2278,1858,1.0,57.0
2278,2409,1.0,35.0
2278,3602,1.0,51.0
2279,1210,1.0,50.0
2279,4155,1.0,90.0
2280,2279,1.0,14.0
2283,1560,1.0,15.0
2283,2698,1.0,69.0
2283,2875,1.0,19.0
2288,2878,2.0,19.0
2294,1197,1.0,33.0
2294,1307,1.0,84.0
2294,4161,3.0,7.0
2298,3022,1.0,21.0
2301,2787,1.0,104.0
2302,7,1.0,7.0
2303,2653,1.0,60.0
2304,397,1.0,25.0
2307,411,1.0,25.0
2307,4150,1.0,21.0
2309,1683,1.0,7.0
2309,4569,1.0,39.0
2310,1002,1.0,7.0
2311,2159,1.0,24.0
2312,2309,1.0,29.0
2312,2311,1.0,7.0
2315,1202,1.0,32.0
2316,39,1.0,21.0
2316,1631,1.0,14.0
2317,860,1.0,46.0
2318,2168,1.0,24.0
2319,825,1.0,49.0
2319,2169,1.0,24.0
2320,2124,1.0,98.0
2320,2319,1.0,7.0
2320,3638,1.0,67.0
2320,3766,1.0,36.0
2321,2320,1.0,22.0
2323,1325,1.0,24.0
2326,1099,1.0,17.0
2328,56,1.0,371.0
2328,1106,1.0,251.0
2328,1674,1.0,54.0
2328,2225,1.0,21.0
2328,3009,1.0,7.0
2328,4235,1.0,88.0
2332,1178,1.0,14.0
2332,1678,1.0,44.0
2332,2359,1.0,50.0
2332,2557,1.0,58.0
2332,2560,1.0,36.0
2332,2561,1.0,14.0
2332,2937,1.0,7.0
2333,2337,1.0,28.0
2334,1009,1.0,7.0
2334,2888,1.0,42.0
2336,1286,1.0,65.0
2336,3052,5.0,7.0
2337,3265,1.0,87.0
2338,2938,1.0,21.0
2339,3265,4.0,13.0
2343,1033,1.0,7.0
2343,2565,1.0,33.0
2344,1035,1.0,20.0
2345,4469,1.0,14.0
2346,1036,1.0,7.0
2346,4469,2.0,1.0
2351,554,1.0,7.0
2352,215,1.0,6.0
2353,1737,1.0,38.0
2354,335,1.0,144.0
2354,742,1.0,75.0
2354,1230,1.0,7.0
2354,1716,1.0,64.0
2354,3280,1.0,39.0
2356,2551,2.0,13.0
2356,2552,1.0,20.0
2357,1672,2.0,35.0
2357,4513,1.0,75.0
2358,2248,3.0,53.0
2358,2517,1.0,44.0
2359,1180,2.0,14.0
2359,2360,1.0,7.0
2359,4146,1.0,7.0
2360,1005,1.0,51.0
2360,1015,1.0,22.0
2361,1015,2.0,36.0
2361,1032,1.0,95.0
2361,2781,1.0,56.0
2363,3733,1.0,24.0
2368,368,1.0,50.0
2368,3028,1.0,40.0
2368,3324,5.0,10.0
2370,703,1.0,28.0
2370,1286,1.0,14.0
2371,3265,1.0,83.0
2374,1005,1.0,43.0
2374,1569,1.0,72.0
2374,2781,1.0,63.0
2375,2781,1.0,49.0
2376,1015,1.0,56.0
2376,1181,1.0,35.0
2376,1184,1.0,48.0
2376,1844,1.0,79.0
2376,2360,1.0,34.0
2376,2668,1.0,36.0
2376,2670,1.0,21.0
2376,2780,1.0,48.0
2377,2245,1.0,71.0
2377,3381,1.0,67.0
2377,3618,1.0,28.0
2386,2387,1.0,7.0
2387,3069,1.0,28.0
2392,2635,1.0,54.0
2394,2392,1.0,14.0
2396,2368,1.0,62.0
2397,1814,2.0,7.0
2397,1818,1.0,63.0
2398,1845,1.0,42.0
2398,2141,1.0,35.0
2398,2397,3.0,13.0
2398,2703,1.0,42.0
2398,3735,1.0,20.0
2399,2398,1.0,15.0
2400,2701,1.0,58.0
2400,3589,1.0,20.0
2400,3591,1.0,35.0
2401,2400,2.0,13.0
2405,2411,1.0,57.0
2406,2276,1.0,53.0
2407,2690,1.0,14.0
2407,4218,1.0,7.0
2408,2407,1.0,28.0
2409,2787,1.0,22.0
2410,1935,1.0,80.0
2411,2871,2.0,99.0
2414,1541,3.0,20.0
2415,2871,1.0,43.0
2416,308,1.0,26.0
2416,2273,1.0,34.0
2417,1214,1.0,6.0
2417,1617,1.0,69.0
2420,2975,1.0,8.0
2428,581,1.0,51.0
2428,2538,1.0,31.0
2429,329,1.0,129.0
2430,227,2.0,6.0
2430,4450,1.0,38.0
2431,700,1.0,130.0
2435,91,1.0,24.0
2435,1711,2.0,35.0
2437,1680,1.0,29.0
2440,1017,1.0,14.0
2440,2938,1.0,24.0
2441,3097,1.0,68.0
2442,762,1.0,63.0
2442,2012,1.0,14.0
2443,2442,1.0,14.0
2444,884,2.0,7.0
2450,2147,1.0,84.0
2450,4226,1.0,6.0
2453,2702,1.0,7.0
2458,1529,2.0,50.0
2459,1529,1.0,35.0
2459,1530,1.0,55.0
2459,2458,2.0,14.0
2459,3686,1.0,9.0
2460,2459,1.0,13.0
2461,1529,1.0,7.0
2461,2459,3.0,27.0
2463,1856,1.0,14.0
2465,2871,1.0,36.0
2466,1133,1.0,11.0
2466,1135,1.0,69.0
2466,1283,1.0,28.0
2466,4451,1.0,61.0
2468,3265,1.0,129.0
2468,3360,1.0,15.0
2469,3265,1.0,82.0
2470,2955,4.0,19.0
2470,2996,1.0,62.0
2472,2640,2.0,21.0
2472,3523,2.0,20.0
2472,3524,3.0,13.0
2473,2474,2.0,14.0
2473,2661,1.0,21.0
2473,3524,1.0,14.0
2474,1293,1.0,34.0
2474,2473,4.0,14.0
2474,2475,1.0,6.0
2474,2662,2.0,28.0
2474,2833,1.0,48.0
2474,2850,1.0,14.0
2474,3612,1.0,90.0
2475,4341,2.0,12.0
2476,1294,1.0,22.0
2476,2477,1.0,14.0
2476,4341,1.0,5.0
2477,3621,2.0,92.0
2477,4341,1.0,20.0
2479,2552,1.0,21.0
2479,2774,1.0,131.0
2479,4278,1.0,27.0
2481,1584,1.0,20.0
2488,736,1.0,28.0
2493,3009,1.0,68.0
2493,3860,1.0,9.0
2494,3071,1.0,104.0
2495,1615,1.0,63.0
2497,396,2.0,17.0
2497,397,1.0,11.0
2497,2653,1.0,69.0
2498,2063,1.0,47.0
2505,2989,1.0,17.0
2508,384,1.0,27.0
2513,517,1.0,48.0
2517,705,4.0,28.0
2517,1158,3.0,7.0
2517,1159,1.0,59.0
2518,709,1.0,71.0
2518,2041,1.0,130.0
2518,2517,1.0,13.0
2519,1286,1.0,56.0
2519,2245,1.0,57.0
2519,2517,1.0,28.0
2521,2851,1.0,35.0
2522,2521,1.0,7.0
2522,2968,1.0,26.0
2532,1539,1.0,21.0
2533,2583,1.0,73.0
2535,2869,1.0,21.0
2536,307,1.0,19.0
2536,1545,1.0,7.0
2537,2914,1.0,7.0
2538,2539,1.0,7.0
2538,2807,2.0,7.0
2538,3286,1.0,56.0
2539,2808,2.0,5.0
2539,3283,1.0,2.0
2539,3429,1.0,7.0
2544,2589,1.0,58.0
2546,249,1.0,71.0
2546,335,3.0,9.0
2546,336,1.0,63.0
2546,1266,3.0,42.0
2546,1549,1.0,7.0
2546,2547,1.0,14.0
2546,3455,1.0,61.0
2546,4273,1.0,77.0
2546,4281,1.0,63.0
2546,4507,2.0,53.0
2547,3524,1.0,77.0
2548,2479,1.0,21.0
2549,248,1.0,20.0
2549,4278,1.0,13.0
2550,2552,1.0,14.0
2551,2552,1.0,7.0
2551,4273,2.0,13.0
2552,2472,7.0,7.0
2552,2640,1.0,13.0
2553,2554,1.0,7.0
2553,3111,1.0,83.0
2553,3528,1.0,27.0
2553,3533,1.0,49.0
2554,2962,1.0,21.0
2555,2517,1.0,21.0
2556,3531,3.0,13.0
2557,2558,2.0,7.0
2558,715,1.0,85.0
2558,2474,1.0,135.0
2559,2359,3.0,7.0
2559,2781,1.0,71.0
2560,715,1.0,56.0
2560,2248,1.0,112.0
2560,2674,1.0,64.0
2561,2781,1.0,42.0
2562,1033,2.0,51.0
2562,2611,1.0,43.0
2562,2781,1.0,56.0
2563,1033,1.0,37.0
2563,1570,1.0,7.0
2564,1032,1.0,36.0
2564,1033,1.0,22.0
2565,1032,1.0,29.0
2565,2611,2.0,35.0
2566,723,1.0,75.0
2566,4470,1.0,50.0
2567,1037,1.0,76.0
2567,2568,2.0,7.0
2567,4470,1.0,57.0
2568,723,1.0,64.0
2568,1991,1.0,81.0
2568,3142,1.0,57.0
2569,637,1.0,7.0
2569,1032,1.0,65.0
2569,4368,1.0,69.0
2573,1606,3.0,14.0
2573,2616,1.0,21.0
2573,2619,1.0,49.0
2576,1529,1.0,125.0
2576,2578,1.0,29.0
2578,528,1.0,8.0
2579,1545,1.0,95.0
2579,3039,2.0,14.0
2583,528,1.0,100.0
2583,530,1.0,102.0
2583,1177,1.0,112.0
2583,2268,1.0,171.0
2583,2405,1.0,43.0
2583,2416,1.0,126.0
2583,3039,1.0,80.0
2583,3040,1.0,96.0
2583,3701,1.0,72.0
2583,3713,1.0,21.0
2583,3714,1.0,28.0
2586,2875,1.0,49.0
2587,1246,1.0,29.0
2587,1250,1.0,90.0
2587,1556,1.0,42.0
2587,2532,1.0,160.0
2587,2544,1.0,21.0
2587,3716,1.0,18.0
2587,4488,1.0,15.0
2588,1815,1.0,110.0
2589,2590,1.0,7.0
2589,2593,1.0,74.0
2589,3720,1.0,28.0
2589,3722,1.0,50.0
2590,3720,1.0,20.0
2591,2589,1.0,62.0
2592,1651,1.0,22.0
2593,1815,2.0,21.0
2595,2596,1.0,7.0
2595,3598,1.0,20.0
2596,4042,1.0,50.0
2597,1959,1.0,95.0
2605,1266,1.0,49.0
2606,4279,1.0,21.0
2608,3854,9.0,1.0
2611,716,2.0,57.0
2611,1005,1.0,21.0
2611,1032,1.0,64.0
2611,1569,1.0,35.0
2611,2038,1.0,7.0
2611,2343,1.0,43.0
2611,2562,1.0,28.0
2611,2563,1.0,13.0
2611,2567,1.0,66.0
2611,2621,1.0,88.0
2611,2956,1.0,28.0
2611,3180,1.0,43.0
2611,3670,2.0,34.0
2611,3672,1.0,37.0
2611,3678,1.0,71.0
2616,1032,1.0,147.0
2616,3065,1.0,103.0
2617,2865,1.0,42.0
2618,2617,1.0,13.0
2619,1609,20.0,6.0
2619,2686,1.0,58.0
2620,285,1.0,116.0
2621,347,3.0,49.0
2621,2556,2.0,14.0
2622,1680,1.0,38.0
2623,88,1.0,7.0
2623,90,1.0,11.0
2626,2303,1.0,23.0
2626,2497,3.0,30.0
2626,2498,1.0,29.0
2626,2627,2.0,39.0
2627,2628,5.0,23.0
2628,538,1.0,128.0
2628,3072,5.0,9.0
2629,2653,1.0,119.0
2630,2631,1.0,43.0
2631,2793,1.0,25.0
2631,3328,1.0,24.0
2635,3324,1.0,82.0
2635,3355,1.0,65.0
2635,4207,1.0,82.0
2640,698,1.0,49.0
2640,699,1.0,27.0
2640,2356,2.0,6.0
2640,2551,1.0,20.0
2640,2661,1.0,55.0
2640,4168,1.0,42.0
2640,4504,1.0,42.0
2646,1400,1.0,31.0
2647,2003,1.0,24.0
2647,4399,1.0,36.0
2649,567,1.0,2.0
2650,567,1.0,14.0
2651,891,1.0,7.0
2652,568,1.0,15.0
2653,863,3.0,13.0
2653,1239,2.0,13.0
2653,1240,1.0,20.0
2653,2846,4.0,13.0
2653,4283,1.0,28.0
2654,2653,1.0,12.0
2655,2064,1.0,28.0
2655,2653,1.0,26.0
2656,2654,1.0,27.0
2656,2655,1.0,13.0
2656,2846,1.0,53.0
2659,863,1.0,68.0
2659,1550,2.0,20.0
2659,1697,1.0,40.0
2659,2772,2.0,13.0
2661,248,1.0,55.0
2661,3139,1.0,13.0
2662,248,1.0,62.0
2662,1584,1.0,34.0
2663,1584,1.0,41.0
2663,2640,1.0,57.0
2664,1288,1.0,20.0
2664,4169,1.0,27.0
2665,2664,2.0,7.0
2665,2833,1.0,13.0
2666,2851,1.0,14.0
2667,2519,1.0,20.0
2668,2248,1.0,33.0
2668,2559,1.0,42.0
2668,2665,1.0,36.0
2668,2666,1.0,29.0
2669,2248,1.0,40.0
2670,1183,1.0,48.0
2672,1181,1.0,14.0
2672,3266,8.0,20.0
2674,1036,1.0,50.0
2674,2781,1.0,43.0
2675,2781,1.0,57.0
2675,4469,1.0,28.0
2677,1036,1.0,28.0
2678,4427,1.0,13.0
2679,1535,1.0,7.0
2680,639,1.0,14.0
2681,2708,1.0,13.0
2681,3098,1.0,49.0
2681,3690,1.0,22.0
2683,657,3.0,7.0
2684,1608,1.0,8.0
2685,529,1.0,45.0
2685,2267,1.0,48.0
2685,3175,1.0,37.0
2685,3696,2.0,24.0
2686,1895,1.0,7.0
2687,2871,1.0,108.0
2689,3708,1.0,22.0
2690,2871,1.0,43.0
2693,2407,1.0,30.0
2693,2414,1.0,59.0
2693,2890,1.0,86.0
2694,2873,1.0,14.0
2695,3665,1.0,18.0
2696,1278,1.0,34.0
2696,2890,3.0,12.0
2698,2587,1.0,64.0
2701,2592,1.0,28.0
2702,2593,1.0,28.0
2703,3736,1.0,15.0
2708,2863,1.0,48.0
2708,2960,1.0,112.0
2709,907,1.0,33.0
2710,1692,1.0,27.0
2712,4351,1.0,71.0
2721,2647,1.0,7.0
2725,1049,1.0,34.0
2739,1897,1.0,41.0
2740,533,1.0,22.0
2740,1897,3.0,27.0
2741,302,2.0,20.0
2741,534,1.0,26.0
2741,1355,1.0,7.0
2746,4426,1.0,26.0
2747,3673,2.0,1.0
2748,2346,1.0,7.0
2748,2675,1.0,21.0
2749,4057,3.0,14.0
2750,2056,1.0,10.0
2756,3968,3.0,1.0
2757,652,1.0,62.0
2757,2494,1.0,38.0
2757,3859,1.0,32.0
2757,3866,1.0,53.0
2757,3959,1.0,21.0
2758,3968,1.0,35.0
2762,4226,1.0,31.0
2767,1049,1.0,43.0
2769,1874,1.0,14.0
2772,2021,1.0,21.0
2772,2481,1.0,63.0
2772,4275,1.0,35.0
2772,4285,1.0,15.0
2772,4287,16.0,0.0
2773,335,1.0,51.0
2773,631,1.0,40.0
2773,2659,6.0,13.0
2773,2774,1.0,39.0
2774,61,3.0,61.0
2774,2236,3.0,20.0
2774,2608,1.0,35.0
2774,2773,8.0,39.0
2774,4119,1.0,14.0
2777,2871,1.0,56.0
2778,2871,1.0,29.0
2779,2953,1.0,6.0
2780,715,1.0,65.0
2780,2781,2.0,27.0
2781,718,1.0,112.0
2781,1183,5.0,33.0
2781,1842,2.0,7.0
2781,2672,8.0,28.0
2781,3668,1.0,36.0
2781,3671,3.0,43.0
2784,3265,2.0,10.0
2786,730,1.0,35.0
2786,1209,1.0,34.0
2786,1854,2.0,28.0
2786,2277,1.0,42.0
2786,2693,1.0,35.0
2787,1209,1.0,36.0
2787,1858,1.0,28.0
2787,2280,1.0,34.0
2787,2466,3.0,14.0
2790,1620,1.0,60.0
2790,4037,1.0,50.0
2793,2843,1.0,62.0
2795,785,13.0,6.0
2797,3159,1.0,7.0
2800,1429,1.0,21.0
2804,2553,1.0,43.0
2805,1586,1.0,59.0
2806,869,2.0,7.0
2807,975,1.0,89.0
2807,2354,1.0,33.0
2808,215,1.0,162.0
2808,3163,1.0,122.0
2813,762,1.0,46.0
2813,2443,1.0,32.0
2813,3097,1.0,29.0
2814,1752,1.0,87.0
2815,1155,1.0,13.0
2816,2757,1.0,34.0
2821,57,1.0,115.0
2821,1450,1.0,117.0
2833,3526,1.0,1.0
2833,3527,1.0,8.0
2834,2851,3.0,7.0
2836,180,1.0,30.0
2837,2836,1.0,14.0
2838,2772,1.0,149.0
2842,3397,1.0,59.0
2843,3049,2.0,35.0
2843,3371,2.0,48.0
2846,1868,4.0,6.0
2846,2063,1.0,35.0
2847,629,1.0,20.0
2848,2474,1.0,21.0
2849,2606,1.0,49.0
2849,2663,2.0,13.0
2850,2834,1.0,7.0
2851,996,1.0,21.0
2851,2522,1.0,14.0
2851,2668,1.0,42.0
2851,3112,1.0,67.0
2851,3876,1.0,59.0
2857,2858,1.0,14.0
2858,1843,1.0,40.0
2860,898,3.0,42.0
2860,1037,1.0,27.0
2860,4429,1.0,14.0
2861,4424,1.0,33.0
2862,4368,3.0,6.0
2863,587,1.0,7.0
2865,1352,1.0,36.0
2865,1607,1.0,39.0
2865,1893,1.0,48.0
2865,1921,1.0,65.0
2865,2683,1.0,36.0
2865,3699,1.0,29.0
2868,2871,1.0,64.0
2869,532,1.0,69.0
2870,2278,1.0,41.0
2870,4218,2.0,13.0
2871,2301,1.0,56.0
2871,2408,1.0,43.0
2871,2465,1.0,35.0
2871,2583,8.0,42.0
2871,2778,1.0,57.0
2871,2786,5.0,7.0
2873,1283,1.0,61.0
2875,2695,1.0,21.0
2875,2696,2.0,13.0
2875,3665,1.0,37.0
2878,2294,1.0,84.0
2878,2453,1.0,71.0
2887,1032,1.0,50.0
2887,1569,3.0,7.0
2887,3678,1.0,57.0
2888,2090,2.0,7.0
2890,3716,4.0,2.0
2891,1138,1.0,19.0
2891,1251,1.0,29.0
2891,2278,1.0,93.0
2892,282,1.0,33.0
2897,2237,1.0,85.0
2897,3110,1.0,65.0
2897,3375,2.0,17.0
2900,2635,1.0,43.0
2900,3304,2.0,14.0
2902,951,1.0,28.0
2902,1752,2.0,22.0
2902,2927,2.0,6.0
2907,1714,1.0,6.0
2908,1341,1.0,117.0
2911,166,1.0,43.0
2911,4272,1.0,19.0
2914,3041,2.0,39.0
2915,1868,1.0,46.0
2917,1888,1.0,94.0
2919,2998,1.0,8.0
2921,1153,1.0,7.0
2922,959,1.0,11.0
2922,2814,1.0,6.0
2923,4351,1.0,66.0
2924,965,1.0,17.0
2925,2488,1.0,91.0
2925,4252,1.0,25.0
2927,609,1.0,20.0
2927,938,1.0,52.0
2927,3468,1.0,31.0
2929,614,2.0,34.0
2930,3516,1.0,38.0
2932,440,1.0,82.0
2932,3635,1.0,38.0
2937,715,1.0,42.0
2938,757,1.0,39.0
2938,2334,1.0,7.0
2945,3163,1.0,6.0
2946,1865,1.0,38.0
2953,2274,1.0,34.0
2953,4307,1.0,22.0
2953,4451,1.0,17.0
2955,201,1.0,56.0
2955,381,1.0,44.0
2955,564,1.0,73.0
2955,667,1.0,41.0
2955,1152,1.0,44.0
2955,1454,1.0,60.0
2955,1456,1.0,81.0
2955,1496,1.0,47.0
2955,1500,1.0,33.0
2955,1503,2.0,69.0
2955,2075,1.0,45.0
2955,2081,1.0,80.0
2955,2650,1.0,100.0
2956,1571,1.0,7.0
2957,1843,1.0,56.0
2959,1526,1.0,82.0
2959,1799,3.0,7.0
2960,1893,2.0,16.0
2960,3700,6.0,1.0
2961,2740,1.0,14.0
2962,2518,2.0,35.0
2967,997,1.0,7.0
2968,2474,1.0,69.0
2968,3616,1.0,34.0
2969,993,1.0,116.0
2969,2248,1.0,33.0
2971,2081,1.0,69.0
2974,2975,1.0,19.0
2975,2066,1.0,79.0
2975,2974,1.0,19.0
2975,3958,1.0,157.0
2976,3972,1.0,81.0
2977,2417,1.0,7.0
2978,1215,1.0,16.0
2979,2978,1.0,25.0
2982,2983,2.0,14.0
2982,4084,1.0,15.0
2983,1652,1.0,24.0
2983,2986,1.0,44.0
2986,1846,1.0,32.0
2986,4104,1.0,38.0
2989,2505,1.0,15.0
2996,645,1.0,69.0
2996,734,9.0,32.0
2996,889,3.0,40.0
2996,892,1.0,42.0
2996,1276,1.0,69.0
2996,2450,1.0,37.0
2996,2652,1.0,71.0
2996,3292,3.0,11.0
2996,3299,1.0,70.0
2996,4395,1.0,34.0
2998,857,1.0,79.0
2998,1466,1.0,55.0
2998,1475,1.0,45.0
2998,1479,1.0,75.0
2998,1866,1.0,31.0
2998,2087,1.0,20.0
2998,2797,1.0,39.0
2998,2919,1.0,39.0
2998,2946,1.0,5.0
2998,3163,1.0,12.0
2998,3279,1.0,108.0
2998,3648,1.0,180.0
3003,2339,2.0,10.0
3009,1672,5.0,27.0
3009,3108,1.0,14.0
3010,1674,1.0,9.0
3018,1718,1.0,52.0
3022,23,1.0,30.0
3022,4329,1.0,88.0
3024,2996,1.0,78.0
3027,31,1.0,15.0
3027,57,1.0,61.0
3028,57,1.0,88.0
3030,376,1.0,52.0
3030,1508,1.0,164.0
3030,2470,4.0,31.0
3035,1009,1.0,78.0
3039,1529,1.0,169.0
3039,2583,1.0,96.0
3039,2871,1.0,136.0
3040,2579,2.0,14.0
3041,2271,2.0,20.0
3041,2536,1.0,7.0
3041,2537,1.0,46.0
3044,2998,1.0,108.0
3049,68,1.0,5.0
3049,2976,1.0,56.0
3052,715,1.0,71.0
3052,993,3.0,15.0
3052,1286,1.0,58.0
3053,755,1.0,25.0
3053,3265,1.0,56.0
3062,4057,1.0,27.0
3064,286,1.0,152.0
3064,1529,1.0,57.0
3064,2619,1.0,34.0
3064,3693,1.0,9.0
3065,286,1.0,86.0
3065,1611,3.0,14.0
3069,195,1.0,8.0
3069,622,1.0,40.0
3069,2396,1.0,8.0
3069,3027,1.0,14.0
3071,1618,2.0,14.0
3072,2064,1.0,66.0
3072,2232,1.0,44.0
3072,2627,1.0,31.0
3072,2656,1.0,68.0
3072,3071,1.0,23.0
3073,792,1.0,8.0
3074,22,1.0,22.0
3074,1217,2.0,34.0
3074,1861,1.0,68.0
3075,863,1.0,70.0
3076,3010,1.0,10.0
3076,3962,1.0,43.0
3079,1674,1.0,33.0
3083,483,1.0,29.0
3088,2220,1.0,12.0
3090,2998,1.0,84.0
3093,2653,1.0,32.0
3093,2655,1.0,6.0
3094,861,1.0,46.0
3097,769,3.0,24.0
3097,884,1.0,32.0
3097,3937,1.0,53.0
3098,723,1.0,86.0
3098,899,1.0,82.0
3099,2459,1.0,43.0
3099,2708,1.0,7.0
3100,2710,1.0,7.0
3100,4373,1.0,31.0
3103,589,9.0,7.0
3103,907,1.0,27.0
3107,1680,1.0,54.0
3108,2417,1.0,13.0
3108,3079,1.0,48.0
3109,1796,1.0,25.0
3110,2608,7.0,21.0
3110,4287,1.0,82.0
3111,2248,1.0,61.0
3112,2248,1.0,19.0
3112,2377,1.0,22.0
3112,3318,3.0,2.0
3112,3616,1.0,7.0
3115,1572,1.0,75.0
3115,2254,1.0,34.0
3116,2749,1.0,7.0
3117,2056,1.0,35.0
3117,2746,1.0,27.0
3117,3118,1.0,28.0
3117,3383,1.0,15.0
3117,3607,1.0,33.0
3117,4426,7.0,14.0
3118,1693,2.0,35.0
3119,1803,1.0,48.0
3119,1805,3.0,7.0
3119,1898,1.0,22.0
3119,2268,1.0,27.0
3119,2683,1.0,76.0
3119,4431,1.0,68.0
3120,2787,1.0,88.0
3126,2842,1.0,7.0
3129,538,1.0,82.0
3129,863,1.0,110.0
3129,1615,1.0,86.0
3131,1125,1.0,18.0
3133,1482,1.0,45.0
3133,3306,1.0,69.0
3134,538,1.0,50.0
3136,3154,1.0,32.0
3137,2772,1.0,27.0
3138,2773,1.0,43.0
3138,4288,1.0,0.0
3139,2849,1.0,41.0
3142,1032,1.0,62.0
3142,1036,2.0,34.0
3151,800,1.0,17.0
3152,3887,1.0,94.0
3154,57,1.0,34.0
3154,537,1.0,23.0
3156,2757,1.0,34.0
3158,975,1.0,51.0
3159,3163,1.0,13.0
3160,1005,1.0,42.0
3160,1015,1.0,41.0
3160,2361,3.0,5.0
3160,3667,2.0,7.0
3163,1471,4.0,9.0
3163,1515,3.0,60.0
3163,2998,4.0,25.0
3163,4231,1.0,34.0
3163,4437,1.0,46.0
3169,2328,1.0,79.0
3169,4513,1.0,73.0
3170,988,2.0,6.0
3175,3703,2.0,9.0
3177,1792,2.0,2.0
3178,2694,1.0,13.0
3180,1842,1.0,49.0
3181,1526,1.0,88.0
3185,1037,1.0,85.0
3187,57,1.0,24.0
3199,174,1.0,135.0
3209,186,1.0,23.0
3211,186,1.0,30.0
3216,3650,1.0,32.0
3229,325,1.0,43.0
3231,3199,1.0,285.0
3245,63,1.0,22.0
3245,420,1.0,57.0
3247,420,1.0,124.0
3249,643,1.0,107.0
3251,762,1.0,51.0
3253,762,1.0,47.0
3253,800,1.0,84.0
3260,762,1.0,18.0
3260,769,3.0,59.0
3260,2091,3.0,28.0
3265,88,1.0,49.0
3265,349,1.0,133.0
3265,762,2.0,60.0
3265,764,1.0,70.0
3265,1340,1.0,187.0
3265,1711,1.0,118.0
3265,1716,1.0,114.0
3265,2012,1.0,110.0
3265,2334,1.0,74.0
3265,2339,2.0,53.0
3265,2437,1.0,79.0
3265,2623,2.0,48.0
3265,2784,1.0,75.0
3265,2908,1.0,121.0
3265,3053,1.0,55.0
3265,3287,1.0,63.0
3265,3310,1.0,72.0
3265,3434,1.0,85.0
3265,3449,1.0,97.0
3265,3454,1.0,133.0
3265,3609,1.0,39.0
3265,3875,2.0,115.0
3265,4234,1.0,28.0
3265,4318,1.0,68.0
3265,4321,1.0,105.0
3266,1183,1.0,58.0
3266,2781,1.0,34.0
3266,3160,6.0,1.0
3267,2781,1.0,41.0
3271,2368,1.0,126.0
3274,1737,1.0,36.0
3275,91,1.0,184.0
3276,3282,1.0,4.0
3279,1737,1.0,62.0
3279,3275,1.0,1.0
3279,3452,1.0,164.0
3280,740,1.0,0.0
3280,3279,2.0,8.0
3281,335,1.0,178.0
3282,255,1.0,111.0
3283,889,1.0,204.0
3284,975,1.0,100.0
3284,2354,1.0,43.0
3286,2539,2.0,32.0
3286,3284,1.0,32.0
3287,4318,1.0,5.0
3291,1685,2.0,49.0
3291,3758,1.0,42.0
3291,4136,1.0,8.0
3292,891,1.0,29.0
3292,2996,1.0,38.0
3292,3294,1.0,27.0
3293,2996,1.0,16.0
3294,57,1.0,143.0
3299,4226,1.0,17.0
3304,57,1.0,153.0
3304,1508,1.0,186.0
3306,2900,2.0,1.0
3308,1713,1.0,36.0
3310,3247,1.0,46.0
3311,769,1.0,33.0
3312,770,1.0,35.0
3314,3249,1.0,3.0
3314,3856,1.0,34.0
3315,3253,2.0,45.0
3318,1000,2.0,17.0
3318,2248,1.0,21.0
3319,4173,1.0,1.0
3319,4403,1.0,12.0
3324,3030,6.0,13.0
3328,75,1.0,109.0
3355,922,1.0,38.0
3356,2059,1.0,34.0
3360,700,1.0,139.0
3360,4507,1.0,114.0
3363,57,2.0,102.0
3363,4209,1.0,22.0
3365,3363,1.0,24.0
3371,3074,1.0,151.0
3371,3574,1.0,143.0
3373,3074,2.0,105.0
3375,158,1.0,20.0
3375,2237,1.0,68.0
3377,3112,1.0,78.0
3377,3431,1.0,136.0
3378,2248,1.0,71.0
3381,1037,1.0,74.0
3382,282,1.0,116.0
3382,1843,1.0,74.0
3383,3100,1.0,50.0
3384,282,1.0,15.0
3386,310,1.0,108.0
3386,2278,1.0,94.0
3389,299,1.0,22.0
3393,2875,1.0,131.0
3397,3393,1.0,34.0
3404,3581,2.0,10.0
3413,319,1.0,49.0
3425,215,1.0,180.0
3425,2538,2.0,24.0
3426,2774,1.0,7.0
3426,3110,1.0,22.0
3427,1869,1.0,25.0
3429,3163,1.0,98.0
3430,1577,1.0,28.0
3431,2477,1.0,20.0
3431,2897,3.0,12.0
3432,90,1.0,14.0
3433,3265,1.0,82.0
3434,3613,1.0,2.0
3435,3436,1.0,3.0
3436,1680,1.0,80.0
3436,3265,1.0,103.0
3437,1680,1.0,53.0
3437,3440,1.0,11.0
3439,1286,1.0,171.0
3439,3444,1.0,13.0
3440,2621,1.0,129.0
3444,745,1.0,81.0
3446,1261,1.0,6.0
3447,3437,1.0,35.0
3448,1286,1.0,148.0
3449,1711,1.0,23.0
3450,700,1.0,101.0
3450,1258,1.0,1.0
3451,3452,1.0,1.0
3452,1712,1.0,15.0
3452,3265,1.0,103.0
3453,3265,1.0,94.0
3454,125,1.0,5.0
3454,3615,1.0,1.0
3455,336,1.0,2.0
3456,3826,1.0,40.0
3456,3836,1.0,45.0
3458,4453,1.0,24.0
3466,1644,1.0,14.0
3468,934,1.0,30.0
3481,4130,4.0,6.0
3482,3456,1.0,30.0
3482,4399,1.0,76.0
3491,3493,1.0,7.0
3493,461,1.0,37.0
3497,2133,1.0,18.0
3497,2193,1.0,45.0
3497,2198,1.0,103.0
3510,1935,1.0,46.0
3516,1220,1.0,178.0
3523,2552,1.0,13.0
3523,2849,1.0,42.0
3524,993,1.0,92.0
3524,1179,1.0,100.0
3524,1287,1.0,20.0
3524,1697,1.0,120.0
3524,2370,1.0,49.0
3524,2550,1.0,35.0
3524,2804,1.0,15.0
3524,2962,1.0,56.0
3524,4284,1.0,106.0
3525,2474,1.0,36.0
3526,1286,1.0,41.0
3527,1286,1.0,34.0
3528,2519,1.0,8.0
3531,1286,1.0,62.0
3531,2518,1.0,20.0
3531,4144,1.0,0.0
3533,2248,1.0,56.0
3534,2167,1.0,79.0
3542,3229,1.0,112.0
3543,2930,1.0,24.0
3549,4180,1.0,4.0
3554,1147,1.0,10.0
3554,4527,1.0,28.0
3558,1718,1.0,64.0
3566,2059,1.0,24.0
3570,1294,1.0,22.0
3570,2897,1.0,19.0
3574,3110,1.0,141.0
3576,294,1.0,12.0
3579,4359,1.0,25.0
3581,1429,1.0,30.0
3581,1935,1.0,52.0
3588,2398,1.0,66.0
3589,1192,1.0,29.0
3591,2597,1.0,29.0
3598,3599,1.0,7.0
3599,2595,2.0,12.0
3602,310,2.0,15.0
3602,4156,2.0,4.0
3607,640,1.0,42.0
3607,3382,1.0,21.0
3609,748,1.0,24.0
3610,762,1.0,49.0
3612,2376,1.0,70.0
3613,1680,1.0,81.0
3614,3450,2.0,12.0
3615,1680,1.0,30.0
3616,1184,2.0,22.0
3616,2377,1.0,15.0
3617,4403,1.0,6.0
3618,3117,1.0,64.0
3618,4403,1.0,1.0
3620,3112,1.0,10.0
3621,3319,2.0,3.0
3622,2157,1.0,46.0
3622,3245,1.0,8.0
3625,803,1.0,22.0
3627,769,1.0,60.0
3628,3630,1.0,17.0
3630,769,1.0,56.0
3632,3491,1.0,84.0
3635,2129,1.0,38.0
3637,2323,1.0,48.0
3637,3481,3.0,7.0
3638,4328,1.0,88.0
3640,135,1.0,29.0
3640,430,1.0,31.0
3640,2106,2.0,6.0
3648,787,2.0,2.0
3650,171,1.0,99.0
3665,2587,1.0,39.0
3665,2875,1.0,50.0
3667,1015,1.0,52.0
3667,1842,1.0,50.0
3667,3267,1.0,1.0
3668,1005,2.0,27.0
3668,2781,1.0,36.0
3668,3671,1.0,7.0
3669,2254,1.0,49.0
3669,2781,1.0,43.0
3670,2038,2.0,27.0
3670,3669,2.0,7.0
3671,1005,1.0,38.0
3671,2780,2.0,1.0
3671,2781,2.0,29.0
3672,1569,1.0,27.0
3672,1570,1.0,13.0
3672,3674,1.0,7.0
3673,1033,1.0,28.0
3673,2887,1.0,34.0
3674,1005,1.0,48.0
3675,1569,1.0,34.0
3676,1533,1.0,13.0
3677,1032,1.0,26.0
3677,3680,1.0,7.0
3678,1032,1.0,34.0
3678,1033,1.0,20.0
3678,1036,1.0,36.0
3679,3678,1.0,7.0
3680,1033,1.0,24.0
3680,1569,1.0,49.0
3681,896,1.0,1.0
3682,899,1.0,70.0
3684,1033,1.0,50.0
3685,1033,1.0,57.0
3686,899,1.0,91.0
3686,1033,1.0,108.0
3690,4368,1.0,35.0
3691,2619,1.0,36.0
3691,3064,1.0,1.0
3693,2619,1.0,43.0
3695,654,1.0,41.0
3696,1529,1.0,112.0
3696,2618,1.0,60.0
3697,1529,1.0,74.0
3698,2576,1.0,18.0
3699,3697,1.0,8.0
3700,1529,2.0,97.0
3700,2576,1.0,8.0
3700,2959,3.0,16.0
3701,1545,1.0,75.0
3701,2533,1.0,1.0
3701,2579,1.0,20.0
3703,532,1.0,63.0
3703,1529,1.0,119.0
3707,1539,1.0,27.0
3707,1822,1.0,136.0
3708,2871,2.0,72.0
3709,2786,1.0,87.0
3710,896,1.0,166.0
3712,532,1.0,136.0
3713,3715,2.0,21.0
3714,2406,1.0,1.0
3715,2411,1.0,41.0
3715,2777,1.0,1.0
3715,3708,1.0,14.0
3716,2587,5.0,12.0
3720,1247,1.0,9.0
3720,2589,1.0,12.0
3722,1247,1.0,16.0
3724,2278,1.0,105.0
3733,2288,1.0,70.0
3735,2398,1.0,25.0
3736,2398,1.0,28.0
3739,292,1.0,16.0
3744,1796,1.0,1.0
3745,2774,1.0,61.0
3758,2059,1.0,26.0
3761,414,1.0,11.0
3762,423,1.0,30.0
3762,2161,3.0,13.0
3765,3779,2.0,7.0
3766,430,1.0,38.0
3766,434,1.0,9.0
3766,1114,1.0,32.0
3770,422,1.0,8.0
3773,3766,1.0,15.0
3774,2173,2.0,18.0
3775,3973,1.0,7.0
3777,3878,1.0,9.0
3778,2321,1.0,46.0
3778,3789,1.0,24.0
3779,2111,1.0,38.0
3779,2159,1.0,24.0
3779,3775,1.0,43.0
3780,426,1.0,1.0
3780,3783,1.0,21.0
3780,3801,2.0,7.0
3781,3803,1.0,7.0
3782,5,1.0,7.0
3782,1740,1.0,39.0
3782,2176,1.0,32.0
3783,3791,2.0,7.0
3784,2163,1.0,20.0
3784,3780,1.0,22.0
3786,2162,1.0,43.0
3786,3770,1.0,44.0
3787,1831,1.0,76.0
3787,3761,1.0,41.0
3789,440,1.0,44.0
3790,3778,1.0,14.0
3791,1317,1.0,68.0
3791,2107,1.0,26.0
3791,2167,1.0,26.0
3793,414,1.0,10.0
3795,34,5.0,18.0
3795,36,1.0,66.0
3795,404,2.0,26.0
3795,405,1.0,10.0
3795,1832,1.0,125.0
3795,3938,1.0,39.0
3795,4423,1.0,32.0
3797,428,1.0,23.0
3797,430,1.0,8.0
3800,434,1.0,2.0
3801,422,1.0,60.0
3801,1761,1.0,36.0
3802,2,1.0,59.0
3802,832,1.0,13.0
3802,3782,2.0,23.0
3803,20,2.0,25.0
3803,423,1.0,8.0
3803,3804,3.0,21.0
3804,815,2.0,11.0
3804,1763,1.0,51.0
3804,3780,1.0,15.0
3805,1626,1.0,36.0
3805,3766,1.0,22.0
3812,2083,1.0,6.0
3818,3154,1.0,28.0
3819,1294,1.0,53.0
3820,2741,2.0,8.0
3822,3833,2.0,7.0
3826,3827,1.0,53.0
3826,4003,1.0,141.0
3826,4399,1.0,59.0
3827,4128,1.0,9.0
3827,4326,1.0,17.0
3828,4399,1.0,80.0
3829,446,1.0,51.0
3830,2,1.0,84.0
3830,3482,1.0,7.0
3831,1650,1.0,14.0
3833,25,1.0,29.0
3833,3822,1.0,7.0
3833,4474,1.0,30.0
3834,440,1.0,132.0
3836,4382,2.0,37.0
3838,1286,1.0,126.0
3841,57,1.0,58.0
3854,4319,3.0,31.0
3854,4341,1.0,61.0
3854,4467,5.0,6.0
3856,418,1.0,124.0
3856,3787,1.0,88.0
3859,989,1.0,15.0
3860,384,1.0,103.0
3862,3009,1.0,69.0
3862,4351,1.0,123.0
3863,2902,1.0,159.0
3866,1888,1.0,59.0
3866,2757,1.0,39.0
3868,1915,1.0,21.0
3871,677,5.0,18.0
3871,1595,3.0,13.0
3871,1600,1.0,17.0
3871,1888,1.0,67.0
3872,3871,6.0,6.0
3873,1869,1.0,6.0
3875,1712,3.0,26.0
3876,3112,1.0,11.0
3876,3620,1.0,1.0
3878,413,1.0,10.0
3883,3152,1.0,52.0
3887,505,1.0,57.0
3887,507,1.0,33.0
3887,852,1.0,128.0
3893,514,1.0,47.0
3905,3893,1.0,57.0
3906,3907,1.0,9.0
3907,3887,1.0,31.0
3912,1718,1.0,31.0
3915,1430,4.0,24.0
3915,1718,1.0,43.0
3919,3920,1.0,17.0
3920,4513,1.0,54.0
3923,1705,1.0,20.0
3925,1615,2.0,67.0
3929,863,1.0,70.0
3929,3925,1.0,7.0
3930,1037,1.0,18.0
3931,2256,1.0,47.0
3932,4426,2.0,12.0
3934,4193,1.0,8.0
3937,2441,1.0,14.0
3937,2442,1.0,7.0
3938,3940,9.0,2.0
3939,3795,9.0,13.0
3940,362,1.0,14.0
3940,4264,9.0,2.0
3941,362,1.0,23.0
3941,3938,1.0,6.0
3946,3949,1.0,35.0
3948,3950,1.0,4.0
3949,840,1.0,43.0
3949,961,1.0,100.0
3949,987,1.0,66.0
3949,989,1.0,33.0
3949,1589,1.0,140.0
3949,1707,1.0,27.0
3949,2052,1.0,76.0
3949,2070,1.0,106.0
3949,3156,1.0,27.0
3949,3929,1.0,56.0
3949,3946,1.0,7.0
3949,3952,1.0,34.0
3950,4351,1.0,104.0
3952,988,1.0,16.0
3952,3949,1.0,32.0
3957,2328,1.0,10.0
3958,2757,1.0,23.0
3959,3965,2.0,6.0
3962,1676,5.0,12.0
3965,1888,1.0,72.0
3965,2757,1.0,30.0
3966,538,1.0,139.0
3967,1914,1.0,1.0
3967,3966,1.0,20.0
3968,1914,1.0,8.0
3968,2756,1.0,14.0
3968,2758,1.0,35.0
3968,2998,1.0,102.0
3968,3134,1.0,87.0
3968,3929,1.0,113.0
3968,3967,1.0,6.0
3969,3962,1.0,42.0
3970,1775,1.0,8.0
3972,4139,1.0,12.0
3973,414,1.0,12.0
3974,2167,1.0,71.0
3978,37,1.0,7.0
3988,1955,1.0,15.0
3991,4020,1.0,7.0
3992,1219,1.0,16.0
3997,4100,1.0,33.0
4000,1168,1.0,123.0
4002,1167,1.0,30.0
4003,1045,1.0,48.0
4003,1953,1.0,23.0
4003,2646,1.0,9.0
4004,1412,1.0,47.0
4004,1962,1.0,23.0
4004,4020,1.0,24.0
4006,1219,1.0,30.0
4013,1219,1.0,1.0
4020,1968,1.0,80.0
4020,4004,2.0,7.0
4021,4020,1.0,21.0
4026,846,1.0,22.0
4026,847,1.0,1.0
4028,1424,1.0,35.0
4037,1217,1.0,34.0
4040,4554,1.0,45.0
4042,4043,1.0,2.0
4043,3599,1.0,71.0
4043,4529,1.0,2.0
4043,4530,2.0,12.0
4057,3117,8.0,7.0
4065,3027,1.0,13.0
4076,560,2.0,57.0
4078,1957,2.0,24.0
4078,4076,1.0,7.0
4084,2982,1.0,15.0
4087,2031,1.0,15.0
4092,1011,1.0,36.0
4095,150,1.0,45.0
4099,4003,1.0,52.0
4100,4078,1.0,113.0
4104,4078,1.0,22.0
4110,1145,1.0,58.0
4110,4453,1.0,41.0
4111,3458,1.0,62.0
4114,1680,1.0,101.0
4119,335,1.0,119.0
4120,3437,1.0,3.0
4123,286,1.0,63.0
4127,2900,1.0,27.0
4128,3456,1.0,7.0
4130,2129,1.0,12.0
4130,2647,1.0,98.0
4130,3482,1.0,14.0
4130,3826,1.0,52.0
4130,3830,2.0,7.0
4136,2996,2.0,38.0
4139,2064,1.0,115.0
4144,2517,1.0,34.0
4146,2781,1.0,70.0
4150,4375,1.0,54.0
4153,3962,1.0,16.0
4155,1133,1.0,8.0
4156,2278,1.0,62.0
4156,2787,1.0,49.0
4158,3117,1.0,19.0
4160,4158,1.0,0.0
4161,2400,1.0,55.0
4161,4188,2.0,23.0
4166,2401,1.0,71.0
4168,4169,1.0,7.0
4169,3524,3.0,1.0
4173,4403,1.0,35.0
4174,3616,1.0,16.0
4176,2834,1.0,6.0
4180,3549,1.0,46.0
4182,790,2.0,26.0
4182,2231,1.0,12.0
4188,1765,1.0,41.0
4188,2288,1.0,37.0
4191,2368,1.0,48.0
4193,3934,1.0,7.0
4194,4111,1.0,58.0
4197,2474,1.0,63.0
4197,4279,1.0,42.0
4199,3163,1.0,81.0
4200,668,1.0,17.0
4200,3009,1.0,194.0
4201,1888,1.0,64.0
4207,3841,1.0,22.0
4209,57,1.0,80.0
4209,3069,1.0,62.0
4218,2414,2.0,21.0
4218,2871,1.0,50.0
4223,1373,1.0,39.0
4226,2079,2.0,4.0
4226,2080,1.0,7.0
4226,2922,1.0,89.0
4231,3163,1.0,42.0
4231,4436,1.0,3.0
4234,715,1.0,152.0
4235,4236,1.0,1.0
4236,2065,1.0,64.0
4236,4182,1.0,8.0
4237,3110,2.0,50.0
4240,2917,1.0,10.0
4241,675,1.0,13.0
4241,875,1.0,11.0
4241,2998,1.0,91.0
4245,362,1.0,29.0
4245,3939,8.0,2.0
4246,4245,1.0,2.0
4249,1374,3.0,20.0
4250,700,1.0,70.0
4250,1286,1.0,120.0
4250,1341,1.0,67.0
4251,1341,1.0,13.0
4251,1901,2.0,6.0
4252,3170,1.0,80.0
4256,4516,1.0,29.0
4259,1680,1.0,72.0
4264,362,1.0,35.0
4264,4245,8.0,5.0
4272,2619,1.0,80.0
4273,4290,3.0,7.0
4275,335,1.0,59.0
4275,4287,1.0,36.0
4276,2772,1.0,22.0
4277,1735,1.0,87.0
4278,2474,1.0,70.0
4278,2605,1.0,0.0
4279,4280,3.0,7.0
4280,3525,1.0,67.0
4280,4277,1.0,14.0
4280,4287,1.0,21.0
4281,1266,1.0,48.0
4282,399,2.0,31.0
4282,538,1.0,43.0
4283,1629,1.0,7.0
4283,4282,2.0,13.0
4284,329,1.0,24.0
4284,1661,1.0,7.0
4284,2772,2.0,42.0
4285,333,1.0,19.0
4285,2352,1.0,27.0
4285,2772,1.0,28.0
4286,2772,2.0,8.0
4287,2546,14.0,13.0
4287,3138,1.0,15.0
4287,4275,1.0,34.0
4287,4279,1.0,30.0
4287,4284,2.0,27.0
4287,4285,2.0,14.0
4287,4286,2.0,7.0
4288,3137,1.0,56.0
4290,248,2.0,41.0
4290,2552,1.0,27.0
4295,2996,1.0,95.0
4299,543,1.0,18.0
4301,975,1.0,31.0
4307,2466,1.0,21.0
4312,2675,1.0,7.0
4312,4469,1.0,35.0
4313,220,1.0,24.0
4318,2469,1.0,16.0
4318,3281,1.0,25.0
4319,3110,1.0,51.0
4319,4237,2.0,0.0
4321,3265,1.0,118.0
4322,3838,1.0,3.0
4324,3833,1.0,74.0
4326,3829,1.0,8.0
4328,440,1.0,59.0
4329,3834,1.0,22.0
4334,186,1.0,88.0
4340,4513,1.0,80.0
4341,1290,1.0,26.0
4341,2242,1.0,14.0
4341,2475,1.0,12.0
4341,2476,3.0,5.0
4341,3819,1.0,28.0
4342,3431,1.0,101.0
4344,4346,1.0,38.0
4346,3110,1.0,116.0
4347,1217,1.0,115.0
4351,1702,2.0,11.0
4351,3554,2.0,5.0
4351,3915,5.0,13.0
4351,3923,1.0,83.0
4352,3062,1.0,6.0
4353,1639,1.0,39.0
4354,1647,1.0,5.0
4359,319,1.0,159.0
4368,907,2.0,34.0
4368,1571,1.0,124.0
4368,1691,1.0,8.0
4368,2680,1.0,22.0
4369,2709,1.0,3.0
4370,899,2.0,29.0
4371,899,1.0,13.0
4371,1032,1.0,138.0
4373,899,1.0,17.0
4375,34,2.0,23.0
4377,241,2.0,7.0
4379,4351,1.0,40.0
4382,453,1.0,2.0
4382,1407,1.0,83.0
4388,3018,1.0,17.0
4388,3558,1.0,76.0
4393,2996,1.0,49.0
4395,668,1.0,110.0
4396,3566,1.0,14.0
4399,1328,4.0,12.0
4399,3831,1.0,57.0
4401,335,1.0,95.0
4402,1260,1.0,43.0
4403,1843,1.0,20.0
4403,2054,2.0,54.0
4403,2957,1.0,21.0
4403,3115,1.0,7.0
4403,3185,1.0,21.0
4415,282,1.0,117.0
4416,2071,3.0,4.0
4423,409,1.0,10.0
4423,410,1.0,18.0
4423,412,1.0,34.0
4423,643,1.0,32.0
4423,1308,1.0,40.0
4423,3627,1.0,77.0
4423,3940,1.0,55.0
4423,4375,1.0,47.0
4423,4568,1.0,32.0
4424,1535,1.0,40.0
4424,2678,1.0,33.0
4424,3382,1.0,5.0
4424,3930,1.0,3.0
4424,3932,1.0,8.0
4425,3112,1.0,45.0
4426,1538,10.0,6.0
4426,4424,1.0,35.0
4427,1036,1.0,52.0
4427,4428,1.0,1.0
4428,4470,1.0,51.0
4429,4470,1.0,50.0
4431,300,2.0,25.0
4436,3163,1.0,38.0
4437,2998,1.0,35.0
4443,4130,1.0,67.0
4443,4444,1.0,1.0
4444,4443,1.0,1.0
4448,2025,1.0,4.0
4450,1370,4.0,0.0
4451,3602,2.0,0.0
4453,1645,2.0,1.0
4453,4351,1.0,66.0
4457,747,1.0,13.0
4457,4114,1.0,12.0
4461,2245,2.0,39.0
4466,1685,4.0,44.0
4466,2996,1.0,80.0
4467,1287,1.0,125.0
4467,1586,1.0,41.0
4467,1587,1.0,22.0
4467,2237,1.0,50.0
4467,2848,1.0,55.0
4468,4457,1.0,7.0
4469,1035,4.0,21.0
4469,4470,2.0,7.0
4470,898,1.0,50.0
4470,1036,1.0,1.0
4470,2860,3.0,7.0
4470,3142,2.0,35.0
4474,4549,1.0,31.0
4480,2161,1.0,0.0
4486,34,1.0,45.0
4486,2153,1.0,14.0
4488,2283,1.0,46.0
4490,16,1.0,15.0
4490,860,1.0,29.0
4490,1318,1.0,51.0
4495,199,1.0,23.0
4501,4507,1.0,28.0
4502,4507,1.0,30.0
4503,248,1.0,27.0
4503,4504,2.0,2.0
4504,248,3.0,24.0
4505,338,3.0,2.0
4506,626,1.0,6.0
4506,2774,1.0,120.0
4507,215,1.0,38.0
4507,335,1.0,18.0
4507,693,1.0,37.0
4507,1372,1.0,86.0
4507,1949,1.0,55.0
4507,2430,1.0,104.0
4507,3524,1.0,119.0
4509,1359,1.0,42.0
4513,2035,1.0,41.0
4513,3076,1.0,21.0
4513,3108,1.0,28.0
4513,3957,1.0,7.0
4513,3969,1.0,20.0
4516,4453,1.0,35.0
4527,4509,1.0,53.0
4529,555,1.0,59.0
4530,1747,1.0,80.0
4530,4021,1.0,75.0
4532,2009,1.0,10.0
4545,1652,1.0,96.0
4549,3822,1.0,88.0
4551,129,1.0,18.0
4551,4040,1.0,56.0
4552,3632,1.0,3.0
4554,120,1.0,39.0
4564,4130,1.0,36.0
4564,4324,1.0,22.0
4565,440,1.0,101.0
4568,409,1.0,31.0
4569,1311,2.0,15.0
4571,409,1.0,52.0
